uid,method,role,type,gaia_type,dual_truth,truth_source,P_true,f_true,f_true_in_grid,f_rec,P_rec,class,recovered_pre,delta_f,dphi_cycles,frac_err,T_grid_days,df,pts_per_rayleigh,n_obs,band_used,g_med_mag,r_med_mag,n_epochs_joint,chen_period,gaia_period,gaia_period_source
chen_f486_ZTFJ180605.79+055454.2,gls_1band,science,RRab,RRab,False,chen,0.6573202,1.5213285701550021,True,1.5213600697471665,0.6573065902578796,exact,True,3.1499592164419e-05,0.08670620736777537,2.070531822143433e-05,2752.613650208339,7.265329845975008e-05,5.000338496090156,986,r,15.0465145,14.5360918,1455,0.6573202,0.657302923227504,gaia_dr3_pf
chen_f486_ZTFJ180605.79+055454.2,ftp_1band,science,RRab,RRab,False,chen,0.6573202,1.5213285701550021,True,1.5213600697471665,0.6573065902578796,exact,True,3.1499592164419e-05,0.08670620736777537,2.070531822143433e-05,2752.613650208339,7.265329845975008e-05,5.000338496090156,986,r,15.0465145,14.5360918,1455,0.6573202,0.657302923227504,gaia_dr3_pf
chen_f486_ZTFJ180605.79+055454.2,mbls_h1,science,RRab,RRab,False,chen,0.6573202,1.5213285701550021,True,1.5213600697471665,0.6573065902578796,exact,True,3.1499592164419e-05,0.08670620736777537,2.070531822143433e-05,2752.613650208339,7.265329845975008e-05,4.9785824185765435,1455,g+r,15.0465145,14.5360918,1455,0.6573202,0.657302923227504,gaia_dr3_pf
chen_f486_ZTFJ180605.79+055454.2,mhls_h8,science,RRab,RRab,False,chen,0.6573202,1.5213285701550021,True,1.5213600697471665,0.6573065902578796,exact,True,3.1499592164419e-05,0.08670620736777537,2.070531822143433e-05,2752.613650208339,7.265329845975008e-05,4.9785824185765435,1455,g+r,15.0465145,14.5360918,1455,0.6573202,0.657302923227504,gaia_dr3_pf
chen_f486_ZTFJ180605.79+055454.2,ce,science,RRab,RRab,False,chen,0.6573202,1.5213285701550021,True,1.5213600697471665,0.6573065902578796,exact,True,3.1499592164419e-05,0.08670620736777537,2.070531822143433e-05,2752.613650208339,7.265329845975008e-05,4.9785824185765435,1455,g+r,15.0465145,14.5360918,1455,0.6573202,0.657302923227504,gaia_dr3_pf
chen_f486_ZTFJ180605.79+055454.2,ftp_mb,science,RRab,RRab,False,chen,0.6573202,1.5213285701550021,True,1.5213600697471665,0.6573065902578796,exact,True,3.1499592164419e-05,0.08670620736777537,2.070531822143433e-05,2752.613650208339,7.265329845975008e-05,4.9785824185765435,1455,g+r,15.0465145,14.5360918,1455,0.6573202,0.657302923227504,gaia_dr3_pf
chen_f486_ZTFJ180625.92+054646.1,gls_1band,science,RRc,RRc,False,chen,0.3610577,2.769640420353866,True,2.7693257773902937,0.36109872235485474,miss,False,0.0003146429635720871,0.8660905197579352,0.00011360426474852156,2752.6136606563814,7.265329845975008e-05,5.000338477110468,988,r,15.478919,14.985723,1447,0.3610577,0.36112103514108074,gaia_dr3_p1_o
chen_f486_ZTFJ180625.92+054646.1,ftp_1band,science,RRc,RRc,False,chen,0.3610577,2.769640420353866,True,2.7693257773902937,0.36109872235485474,miss,False,0.0003146429635720871,0.8660905197579352,0.00011360426474852156,2752.6136606563814,7.265329845975008e-05,5.000338477110468,988,r,15.478919,14.985723,1447,0.3610577,0.36112103514108074,gaia_dr3_p1_o
chen_f486_ZTFJ180625.92+054646.1,mbls_h1,science,RRc,RRc,False,chen,0.3610577,2.769640420353866,True,2.7693257773902937,0.36109872235485474,miss,False,0.0003146429635720871,0.8660905197579352,0.00011360426474852156,2752.6136606563814,7.265329845975008e-05,4.9785823967906175,1447,g+r,15.478919,14.985723,1447,0.3610577,0.36112103514108074,gaia_dr3_p1_o
chen_f486_ZTFJ180625.92+054646.1,mhls_h8,science,RRc,RRc,False,chen,0.3610577,2.769640420353866,True,2.7693257773902937,0.36109872235485474,miss,False,0.0003146429635720871,0.8660905197579352,0.00011360426474852156,2752.6136606563814,7.265329845975008e-05,4.9785823967906175,1447,g+r,15.478919,14.985723,1447,0.3610577,0.36112103514108074,gaia_dr3_p1_o
chen_f486_ZTFJ180625.92+054646.1,ce,science,RRc,RRc,False,chen,0.3610577,2.769640420353866,True,2.7693257773902937,0.36109872235485474,miss,False,0.0003146429635720871,0.8660905197579352,0.00011360426474852156,2752.6136606563814,7.265329845975008e-05,4.9785823967906175,1447,g+r,15.478919,14.985723,1447,0.3610577,0.36112103514108074,gaia_dr3_p1_o
chen_f486_ZTFJ180625.92+054646.1,ftp_mb,science,RRc,RRc,False,chen,0.3610577,2.769640420353866,True,2.7693257773902937,0.36109872235485474,miss,False,0.0003146429635720871,0.8660905197579352,0.00011360426474852156,2752.6136606563814,7.265329845975008e-05,4.9785823967906175,1447,g+r,15.478919,14.985723,1447,0.3610577,0.36112103514108074,gaia_dr3_p1_o
chen_f486_ZTFJ180706.39+024803.4,gls_1band,science,RRc,RRc,False,chen,0.3282091,3.046838128497961,True,3.046630984676296,0.32823141530094097,miss,False,0.000207143821664868,0.5650096956390366,6.798648727918682e-05,2727.620312775485,7.331915829606276e-05,5.000329384598863,178,r,15.2586546,15.013209849999999,254,0.3282091,0.3279780443092855,gaia_dr3_p1_o
chen_f486_ZTFJ180706.39+024803.4,ftp_1band,science,RRc,RRc,False,chen,0.3282091,3.046838128497961,True,2.0459711122516313,0.4887654542196739,miss,False,1.0008670162463296,2729.98520390048,0.32849366262189317,2727.620312775485,7.331915829606276e-05,5.000329384598863,178,r,15.2586546,15.013209849999999,254,0.3282091,0.3279780443092855,gaia_dr3_p1_o
chen_f486_ZTFJ180706.39+024803.4,mbls_h1,science,RRc,RRc,False,chen,0.3282091,3.046838128497961,True,3.0466774478094676,0.3282264096315777,exact,True,0.00016068068849328654,0.4371711218338421,5.273686415776193e-05,2720.7446391549893,7.350779182593354e-05,4.965647555190729,254,g+r,15.2586546,15.013209849999999,254,0.3282091,0.3279780443092855,gaia_dr3_p1_o
chen_f486_ZTFJ180706.39+024803.4,mhls_h8,science,RRc,RRc,False,chen,0.3282091,3.046838128497961,True,1.0155836518670978,0.9846554719166185,miss,False,2.0312544766308633,5526.524728052995,0.6666762036459867,2720.7446391549893,7.350779182593354e-05,4.965647555190729,254,g+r,15.2586546,15.013209849999999,254,0.3282091,0.3279780443092855,gaia_dr3_p1_o
chen_f486_ZTFJ180706.39+024803.4,ce,science,RRc,RRc,False,chen,0.3282091,3.046838128497961,True,3.0468244633931194,0.32821057202827575,exact,True,1.3665104841464881e-05,0.03717926074090647,4.485011761422831e-06,2720.7446391549893,7.350779182593354e-05,4.965647555190729,254,g+r,15.2586546,15.013209849999999,254,0.3282091,0.3279780443092855,gaia_dr3_p1_o
chen_f486_ZTFJ180706.39+024803.4,ftp_mb,science,RRc,RRc,False,chen,0.3282091,3.046838128497961,True,3.0466774478094676,0.3282264096315777,exact,True,0.00016068068849328654,0.4371711218338421,5.273686415776193e-05,2720.7446391549893,7.350779182593354e-05,4.965647555190729,254,g+r,15.2586546,15.013209849999999,254,0.3282091,0.3279780443092855,gaia_dr3_p1_o
chen_f486_ZTFJ180708.63+013433.4,gls_1band,science,RRab,RRab,False,chen,0.7950996,1.2577040662578625,True,1.2574648711943794,0.7952508439064137,miss,False,0.000239195063483022,0.6536366575676648,0.0001901838992973254,2732.651117668487,7.318501170960187e-05,5.000272413720416,903,r,14.8745384,14.2952099,1336,0.7950996,0.7952526150126012,gaia_dr3_pf
chen_f486_ZTFJ180708.63+013433.4,ftp_1band,science,RRab,RRab,False,chen,0.7950996,1.2577040662578625,True,1.2574648711943794,0.7952508439064137,miss,False,0.000239195063483022,0.6536366575676648,0.0001901838992973254,2732.651117668487,7.318501170960187e-05,5.000272413720416,903,r,14.8745384,14.2952099,1336,0.7950996,0.7952526150126012,gaia_dr3_pf
chen_f486_ZTFJ180708.63+013433.4,mbls_h1,science,RRab,RRab,False,chen,0.7950996,1.2577040662578625,True,1.2574648711943794,0.7952508439064137,miss,False,0.000239195063483022,0.6536366575676648,0.0001901838992973254,2732.651117668487,7.318501170960187e-05,4.974713955584907,1336,g+r,14.8745384,14.2952099,1336,0.7950996,0.7952526150126012,gaia_dr3_pf
chen_f486_ZTFJ180708.63+013433.4,mhls_h8,science,RRab,RRab,False,chen,0.7950996,1.2577040662578625,True,1.2574648711943794,0.7952508439064137,miss,False,0.000239195063483022,0.6536366575676648,0.0001901838992973254,2732.651117668487,7.318501170960187e-05,4.974713955584907,1336,g+r,14.8745384,14.2952099,1336,0.7950996,0.7952526150126012,gaia_dr3_pf
chen_f486_ZTFJ180708.63+013433.4,ce,science,RRab,RRab,False,chen,0.7950996,1.2577040662578625,True,1.2574648711943794,0.7952508439064137,miss,False,0.000239195063483022,0.6536366575676648,0.0001901838992973254,2732.651117668487,7.318501170960187e-05,4.974713955584907,1336,g+r,14.8745384,14.2952099,1336,0.7950996,0.7952526150126012,gaia_dr3_pf
chen_f486_ZTFJ180708.63+013433.4,ftp_mb,science,RRab,RRab,False,chen,0.7950996,1.2577040662578625,True,1.2574648711943794,0.7952508439064137,miss,False,0.000239195063483022,0.6536366575676648,0.0001901838992973254,2732.651117668487,7.318501170960187e-05,4.974713955584907,1336,g+r,14.8745384,14.2952099,1336,0.7950996,0.7952526150126012,gaia_dr3_pf
chen_f486_ZTFJ181020.06+060208.2,gls_1band,science,RRc,RRc,False,chen,0.3273953,3.0544115935689975,True,3.054417320546353,0.3273946861397207,exact,True,5.726977355458018e-06,0.015764157198659288,1.8749854693833844e-06,2752.613851988688,7.265329845975008e-05,5.000338129540359,676,r,14.9738431,14.76226805,908,0.3273953,0.3273965665719009,gaia_dr3_p1_o
chen_f486_ZTFJ181020.06+060208.2,ftp_1band,science,RRc,RRc,False,chen,0.3273953,3.0544115935689975,True,3.054417320546353,0.3273946861397207,exact,True,5.726977355458018e-06,0.015764157198659288,1.8749854693833844e-06,2752.613851988688,7.265329845975008e-05,5.000338129540359,676,r,14.9738431,14.76226805,908,0.3273953,0.3273965665719009,gaia_dr3_p1_o
chen_f486_ZTFJ181020.06+060208.2,mbls_h1,science,RRc,RRc,False,chen,0.3273953,3.0544115935689975,True,3.054417320546353,0.3273946861397207,exact,True,5.726977355458018e-06,0.015764157198659288,1.8749854693833844e-06,2752.613851988688,7.265329845975008e-05,4.978582050832994,908,g+r,14.9738431,14.76226805,908,0.3273953,0.3273965665719009,gaia_dr3_p1_o
chen_f486_ZTFJ181020.06+060208.2,mhls_h8,science,RRc,RRc,False,chen,0.3273953,3.0544115935689975,True,3.054417320546353,0.3273946861397207,exact,True,5.726977355458018e-06,0.015764157198659288,1.8749854693833844e-06,2752.613851988688,7.265329845975008e-05,4.978582050832994,908,g+r,14.9738431,14.76226805,908,0.3273953,0.3273965665719009,gaia_dr3_p1_o
chen_f486_ZTFJ181020.06+060208.2,ce,science,RRc,RRc,False,chen,0.3273953,3.0544115935689975,True,3.054417320546353,0.3273946861397207,exact,True,5.726977355458018e-06,0.015764157198659288,1.8749854693833844e-06,2752.613851988688,7.265329845975008e-05,4.978582050832994,908,g+r,14.9738431,14.76226805,908,0.3273953,0.3273965665719009,gaia_dr3_p1_o
chen_f486_ZTFJ181020.06+060208.2,ftp_mb,science,RRc,RRc,False,chen,0.3273953,3.0544115935689975,True,3.054417320546353,0.3273946861397207,exact,True,5.726977355458018e-06,0.015764157198659288,1.8749854693833844e-06,2752.613851988688,7.265329845975008e-05,4.978582050832994,908,g+r,14.9738431,14.76226805,908,0.3273953,0.3273965665719009,gaia_dr3_p1_o
chen_f486_ZTFJ181029.87+035039.2,gls_1band,science,RRab,RRab,True,chen,0.7010193,1.4264942491597592,True,1.4265954332552693,0.7009695788231673,exact,True,0.00010118409551007623,0.2765008529315026,7.093200380560678e-05,2732.651327638421,7.318501170960187e-05,5.000272029512282,1013,r,14.0948219,13.7396946,1473,0.7010193,0.7009706573969701,gaia_dr3_pf
chen_f486_ZTFJ181029.87+035039.2,ftp_1band,science,RRab,RRab,True,chen,0.7010193,1.4264942491597592,True,1.4265954332552693,0.7009695788231673,exact,True,0.00010118409551007623,0.2765008529315026,7.093200380560678e-05,2732.651327638421,7.318501170960187e-05,5.000272029512282,1013,r,14.0948219,13.7396946,1473,0.7010193,0.7009706573969701,gaia_dr3_pf
chen_f486_ZTFJ181029.87+035039.2,mbls_h1,science,RRab,RRab,True,chen,0.7010193,1.4264942491597592,True,1.4265954332552693,0.7009695788231673,exact,True,0.00010118409551007623,0.2765008529315026,7.093200380560678e-05,2732.651327638421,7.318501170960187e-05,4.974713601444578,1473,g+r,14.0948219,13.7396946,1473,0.7010193,0.7009706573969701,gaia_dr3_pf
chen_f486_ZTFJ181029.87+035039.2,mhls_h8,science,RRab,RRab,True,chen,0.7010193,1.4264942491597592,True,1.4265954332552693,0.7009695788231673,exact,True,0.00010118409551007623,0.2765008529315026,7.093200380560678e-05,2732.651327638421,7.318501170960187e-05,4.974713601444578,1473,g+r,14.0948219,13.7396946,1473,0.7010193,0.7009706573969701,gaia_dr3_pf
chen_f486_ZTFJ181029.87+035039.2,ce,science,RRab,RRab,True,chen,0.7010193,1.4264942491597592,True,1.4265954332552693,0.7009695788231673,exact,True,0.00010118409551007623,0.2765008529315026,7.093200380560678e-05,2732.651327638421,7.318501170960187e-05,4.974713601444578,1473,g+r,14.0948219,13.7396946,1473,0.7010193,0.7009706573969701,gaia_dr3_pf
chen_f486_ZTFJ181029.87+035039.2,ftp_mb,science,RRab,RRab,True,chen,0.7010193,1.4264942491597592,True,1.4265954332552693,0.7009695788231673,exact,True,0.00010118409551007623,0.2765008529315026,7.093200380560678e-05,2732.651327638421,7.318501170960187e-05,4.974713601444578,1473,g+r,14.0948219,13.7396946,1473,0.7010193,0.7009706573969701,gaia_dr3_pf
chen_f486_ZTFJ181046.84+015052.4,gls_1band,science,RRc,RRc,True,chen,0.2474538,4.041158389970168,True,4.041173029106333,0.2474529035994137,exact,True,1.4639136164618094e-05,0.04003278158602324,3.622509872652173e-06,2734.6409744299017,7.313149041977475e-05,5.000290761331351,1017,r,14.32007025,13.8513918,1473,0.2474538,0.2474528439193352,gaia_dr3_p1_o
chen_f486_ZTFJ181046.84+015052.4,ftp_1band,science,RRc,RRc,True,chen,0.2474538,4.041158389970168,True,4.041173029106333,0.2474529035994137,exact,True,1.4639136164618094e-05,0.04003278158602324,3.622509872652173e-06,2734.6409744299017,7.313149041977475e-05,5.000290761331351,1017,r,14.32007025,13.8513918,1473,0.2474538,0.2474528439193352,gaia_dr3_p1_o
chen_f486_ZTFJ181046.84+015052.4,mbls_h1,science,RRc,RRc,True,chen,0.2474538,4.041158389970168,True,4.041173029106333,0.2474529035994137,exact,True,1.4639136164618094e-05,0.04003278158602324,3.622509872652173e-06,2734.6409744299017,7.313149041977475e-05,4.978354364948723,1473,g+r,14.32007025,13.8513918,1473,0.2474538,0.2474528439193352,gaia_dr3_p1_o
chen_f486_ZTFJ181046.84+015052.4,mhls_h8,science,RRc,RRc,True,chen,0.2474538,4.041158389970168,True,4.041173029106333,0.2474529035994137,exact,True,1.4639136164618094e-05,0.04003278158602324,3.622509872652173e-06,2734.6409744299017,7.313149041977475e-05,4.978354364948723,1473,g+r,14.32007025,13.8513918,1473,0.2474538,0.2474528439193352,gaia_dr3_p1_o
chen_f486_ZTFJ181046.84+015052.4,ce,science,RRc,RRc,True,chen,0.2474538,4.041158389970168,True,4.041173029106333,0.2474529035994137,exact,True,1.4639136164618094e-05,0.04003278158602324,3.622509872652173e-06,2734.6409744299017,7.313149041977475e-05,4.978354364948723,1473,g+r,14.32007025,13.8513918,1473,0.2474538,0.2474528439193352,gaia_dr3_p1_o
chen_f486_ZTFJ181046.84+015052.4,ftp_mb,science,RRc,RRc,True,chen,0.2474538,4.041158389970168,True,4.041173029106333,0.2474529035994137,exact,True,1.4639136164618094e-05,0.04003278158602324,3.622509872652173e-06,2734.6409744299017,7.313149041977475e-05,4.978354364948723,1473,g+r,14.32007025,13.8513918,1473,0.2474538,0.2474528439193352,gaia_dr3_p1_o
chen_f486_ZTFJ181112.81+065353.3,gls_1band,science,RRab,RRab,False,chen,0.8125219,1.2307360576988755,True,1.2306742226097065,0.8125627250723183,exact,True,6.183508916901559e-05,0.17020812755234926,5.024236413827797e-05,2752.6139258425683,7.265329845975008e-05,5.000337995379018,1035,r,14.98871275,14.4617386,1511,0.8125219,0.8125366743453206,gaia_dr3_pf
chen_f486_ZTFJ181112.81+065353.3,ftp_1band,science,RRab,RRab,False,chen,0.8125219,1.2307360576988755,True,1.2306742226097065,0.8125627250723183,exact,True,6.183508916901559e-05,0.17020812755234926,5.024236413827797e-05,2752.6139258425683,7.265329845975008e-05,5.000337995379018,1035,r,14.98871275,14.4617386,1511,0.8125219,0.8125366743453206,gaia_dr3_pf
chen_f486_ZTFJ181112.81+065353.3,mbls_h1,science,RRab,RRab,False,chen,0.8125219,1.2307360576988755,True,1.2306742226097065,0.8125627250723183,exact,True,6.183508916901559e-05,0.17020812755234926,5.024236413827797e-05,2752.6139258425683,7.265329845975008e-05,4.978581932320261,1511,g+r,14.98871275,14.4617386,1511,0.8125219,0.8125366743453206,gaia_dr3_pf
chen_f486_ZTFJ181112.81+065353.3,mhls_h8,science,RRab,RRab,False,chen,0.8125219,1.2307360576988755,True,1.2306742226097065,0.8125627250723183,exact,True,6.183508916901559e-05,0.17020812755234926,5.024236413827797e-05,2752.6139258425683,7.265329845975008e-05,4.978581932320261,1511,g+r,14.98871275,14.4617386,1511,0.8125219,0.8125366743453206,gaia_dr3_pf
chen_f486_ZTFJ181112.81+065353.3,ce,science,RRab,RRab,False,chen,0.8125219,1.2307360576988755,True,1.2306742226097065,0.8125627250723183,exact,True,6.183508916901559e-05,0.17020812755234926,5.024236413827797e-05,2752.6139258425683,7.265329845975008e-05,4.978581932320261,1511,g+r,14.98871275,14.4617386,1511,0.8125219,0.8125366743453206,gaia_dr3_pf
chen_f486_ZTFJ181112.81+065353.3,ftp_mb,science,RRab,RRab,False,chen,0.8125219,1.2307360576988755,True,1.2306742226097065,0.8125627250723183,exact,True,6.183508916901559e-05,0.17020812755234926,5.024236413827797e-05,2752.6139258425683,7.265329845975008e-05,4.978581932320261,1511,g+r,14.98871275,14.4617386,1511,0.8125219,0.8125366743453206,gaia_dr3_pf
chen_f486_ZTFJ181122.94+034339.3,gls_1band,science,RRab,,False,chen,0.5650783,1.7696662568709502,True,1.769686768149883,0.5650717505479509,exact,True,2.0511278932655586e-05,0.05605017445227914,1.1590478630090833e-05,2732.6513688545674,7.318501170960187e-05,5.000271954093974,1012,r,15.2594018,14.42547705,1472,0.5650783,nan,
chen_f486_ZTFJ181122.94+034339.3,ftp_1band,science,RRab,,False,chen,0.5650783,1.7696662568709502,True,1.769686768149883,0.5650717505479509,exact,True,2.0511278932655586e-05,0.05605017445227914,1.1590478630090833e-05,2732.6513688545674,7.318501170960187e-05,5.000271954093974,1012,r,15.2594018,14.42547705,1472,0.5650783,nan,
chen_f486_ZTFJ181122.94+034339.3,mbls_h1,science,RRab,,False,chen,0.5650783,1.7696662568709502,True,1.769686768149883,0.5650717505479509,exact,True,2.0511278932655586e-05,0.05605017445227914,1.1590478630090833e-05,2732.6513688545674,7.318501170960187e-05,4.974713524039931,1472,g+r,15.2594018,14.42547705,1472,0.5650783,nan,
chen_f486_ZTFJ181122.94+034339.3,mhls_h8,science,RRab,,False,chen,0.5650783,1.7696662568709502,True,1.769686768149883,0.5650717505479509,exact,True,2.0511278932655586e-05,0.05605017445227914,1.1590478630090833e-05,2732.6513688545674,7.318501170960187e-05,4.974713524039931,1472,g+r,15.2594018,14.42547705,1472,0.5650783,nan,
chen_f486_ZTFJ181122.94+034339.3,ce,science,RRab,,False,chen,0.5650783,1.7696662568709502,True,1.769686768149883,0.5650717505479509,exact,True,2.0511278932655586e-05,0.05605017445227914,1.1590478630090833e-05,2732.6513688545674,7.318501170960187e-05,4.974713524039931,1472,g+r,15.2594018,14.42547705,1472,0.5650783,nan,
chen_f486_ZTFJ181122.94+034339.3,ftp_mb,science,RRab,,False,chen,0.5650783,1.7696662568709502,True,1.769686768149883,0.5650717505479509,exact,True,2.0511278932655586e-05,0.05605017445227914,1.1590478630090833e-05,2732.6513688545674,7.318501170960187e-05,4.974713524039931,1472,g+r,15.2594018,14.42547705,1472,0.5650783,nan,
chen_f486_ZTFJ181244.45+041935.6,gls_1band,science,RRab,RRab,False,chen,0.5220891,1.9153818763885322,True,1.9153249414519906,0.5221046196171335,exact,True,5.6934936541575e-05,0.15558333678263944,2.9725109777548004e-05,2732.65144800907,7.318501170960187e-05,5.0002718092551435,1013,r,14.8662314,14.5124111,1473,0.5220891,0.5220497260175969,gaia_dr3_pf
chen_f486_ZTFJ181244.45+041935.6,ftp_1band,science,RRab,RRab,False,chen,0.5220891,1.9153818763885322,True,1.9153249414519906,0.5221046196171335,exact,True,5.6934936541575e-05,0.15558333678263944,2.9725109777548004e-05,2732.65144800907,7.318501170960187e-05,5.0002718092551435,1013,r,14.8662314,14.5124111,1473,0.5220891,0.5220497260175969,gaia_dr3_pf
chen_f486_ZTFJ181244.45+041935.6,mbls_h1,science,RRab,RRab,False,chen,0.5220891,1.9153818763885322,True,1.9153249414519906,0.5221046196171335,exact,True,5.6934936541575e-05,0.15558333678263944,2.9725109777548004e-05,2732.65144800907,7.318501170960187e-05,4.974713387492568,1473,g+r,14.8662314,14.5124111,1473,0.5220891,0.5220497260175969,gaia_dr3_pf
chen_f486_ZTFJ181244.45+041935.6,mhls_h8,science,RRab,RRab,False,chen,0.5220891,1.9153818763885322,True,1.9153249414519906,0.5221046196171335,exact,True,5.6934936541575e-05,0.15558333678263944,2.9725109777548004e-05,2732.65144800907,7.318501170960187e-05,4.974713387492568,1473,g+r,14.8662314,14.5124111,1473,0.5220891,0.5220497260175969,gaia_dr3_pf
chen_f486_ZTFJ181244.45+041935.6,ce,science,RRab,RRab,False,chen,0.5220891,1.9153818763885322,True,1.9153249414519906,0.5221046196171335,exact,True,5.6934936541575e-05,0.15558333678263944,2.9725109777548004e-05,2732.65144800907,7.318501170960187e-05,4.974713387492568,1473,g+r,14.8662314,14.5124111,1473,0.5220891,0.5220497260175969,gaia_dr3_pf
chen_f486_ZTFJ181244.45+041935.6,ftp_mb,science,RRab,RRab,False,chen,0.5220891,1.9153818763885322,True,1.9153249414519906,0.5221046196171335,exact,True,5.6934936541575e-05,0.15558333678263944,2.9725109777548004e-05,2732.65144800907,7.318501170960187e-05,4.974713387492568,1473,g+r,14.8662314,14.5124111,1473,0.5220891,0.5220497260175969,gaia_dr3_pf
chen_f486_ZTFJ181511.71+064702.4,gls_1band,science,RRab,RRab,True,chen,0.6145806,1.6271258806412046,True,1.6271432723045627,0.6145740310769781,exact,True,1.739166335812392e-05,0.04787253791829889,1.0688578901633815e-05,2752.614107835572,7.265329845975008e-05,5.000337664774547,1028,r,13.61330845,13.19430255,1506,0.6145806,0.6145600232552472,gaia_dr3_pf
chen_f486_ZTFJ181511.71+064702.4,ftp_1band,science,RRab,RRab,True,chen,0.6145806,1.6271258806412046,True,1.6271432723045627,0.6145740310769781,exact,True,1.739166335812392e-05,0.04787253791829889,1.0688578901633815e-05,2752.614107835572,7.265329845975008e-05,5.000337664774547,1028,r,13.61330845,13.19430255,1506,0.6145806,0.6145600232552472,gaia_dr3_pf
chen_f486_ZTFJ181511.71+064702.4,mbls_h1,science,RRab,RRab,True,chen,0.6145806,1.6271258806412046,True,1.6271432723045627,0.6145740310769781,exact,True,1.739166335812392e-05,0.04787253791829889,1.0688578901633815e-05,2752.614107835572,7.265329845975008e-05,4.9785815970653085,1506,g+r,13.61330845,13.19430255,1506,0.6145806,0.6145600232552472,gaia_dr3_pf
chen_f486_ZTFJ181511.71+064702.4,mhls_h8,science,RRab,RRab,True,chen,0.6145806,1.6271258806412046,True,1.6271432723045627,0.6145740310769781,exact,True,1.739166335812392e-05,0.04787253791829889,1.0688578901633815e-05,2752.614107835572,7.265329845975008e-05,4.9785815970653085,1506,g+r,13.61330845,13.19430255,1506,0.6145806,0.6145600232552472,gaia_dr3_pf
chen_f486_ZTFJ181511.71+064702.4,ce,science,RRab,RRab,True,chen,0.6145806,1.6271258806412046,True,1.6271432723045627,0.6145740310769781,exact,True,1.739166335812392e-05,0.04787253791829889,1.0688578901633815e-05,2752.614107835572,7.265329845975008e-05,4.9785815970653085,1506,g+r,13.61330845,13.19430255,1506,0.6145806,0.6145600232552472,gaia_dr3_pf
chen_f486_ZTFJ181511.71+064702.4,ftp_mb,science,RRab,RRab,True,chen,0.6145806,1.6271258806412046,True,1.6271432723045627,0.6145740310769781,exact,True,1.739166335812392e-05,0.04787253791829889,1.0688578901633815e-05,2752.614107835572,7.265329845975008e-05,4.9785815970653085,1506,g+r,13.61330845,13.19430255,1506,0.6145806,0.6145600232552472,gaia_dr3_pf
chen_f486_ZTFJ181547.86+061841.2,gls_1band,science,RRab,RRab,False,chen,0.7726473,1.2942515944856081,True,1.2942458587619878,0.7726507241495453,exact,True,5.735723620281519e-06,0.015788233815941334,4.43169136875674e-06,2752.6141183152795,7.265329845975008e-05,5.000337645737344,982,r,14.9328222,14.4250078,1457,0.7726473,0.7726683606411148,gaia_dr3_pf
chen_f486_ZTFJ181547.86+061841.2,ftp_1band,science,RRab,RRab,False,chen,0.7726473,1.2942515944856081,True,1.2942458587619878,0.7726507241495453,exact,True,5.735723620281519e-06,0.015788233815941334,4.43169136875674e-06,2752.6141183152795,7.265329845975008e-05,5.000337645737344,982,r,14.9328222,14.4250078,1457,0.7726473,0.7726683606411148,gaia_dr3_pf
chen_f486_ZTFJ181547.86+061841.2,mbls_h1,science,RRab,RRab,False,chen,0.7726473,1.2942515944856081,True,1.2942458587619878,0.7726507241495453,exact,True,5.735723620281519e-06,0.015788233815941334,4.43169136875674e-06,2752.6141183152795,7.265329845975008e-05,4.97858156877548,1457,g+r,14.9328222,14.4250078,1457,0.7726473,0.7726683606411148,gaia_dr3_pf
chen_f486_ZTFJ181547.86+061841.2,mhls_h8,science,RRab,RRab,False,chen,0.7726473,1.2942515944856081,True,1.2942458587619878,0.7726507241495453,exact,True,5.735723620281519e-06,0.015788233815941334,4.43169136875674e-06,2752.6141183152795,7.265329845975008e-05,4.97858156877548,1457,g+r,14.9328222,14.4250078,1457,0.7726473,0.7726683606411148,gaia_dr3_pf
chen_f486_ZTFJ181547.86+061841.2,ce,science,RRab,RRab,False,chen,0.7726473,1.2942515944856081,True,1.2942458587619878,0.7726507241495453,exact,True,5.735723620281519e-06,0.015788233815941334,4.43169136875674e-06,2752.6141183152795,7.265329845975008e-05,4.97858156877548,1457,g+r,14.9328222,14.4250078,1457,0.7726473,0.7726683606411148,gaia_dr3_pf
chen_f486_ZTFJ181547.86+061841.2,ftp_mb,science,RRab,RRab,False,chen,0.7726473,1.2942515944856081,True,1.2942458587619878,0.7726507241495453,exact,True,5.735723620281519e-06,0.015788233815941334,4.43169136875674e-06,2752.6141183152795,7.265329845975008e-05,4.97858156877548,1457,g+r,14.9328222,14.4250078,1457,0.7726473,0.7726683606411148,gaia_dr3_pf
chen_f486_ZTFJ181624.38+013246.2,gls_1band,science,RRab,RRab,True,chen,0.4520293,2.212245976090488,True,2.212309718969555,0.45201627576168585,exact,True,6.374287906707465e-05,0.1741870788531005,2.881364900467441e-05,2732.651574614458,7.318501170960187e-05,5.000271577589548,1007,r,15.0327234,14.0465736,1444,0.4520293,0.45200840109402585,gaia_dr3_pf
chen_f486_ZTFJ181624.38+013246.2,ftp_1band,science,RRab,RRab,True,chen,0.4520293,2.212245976090488,True,2.212309718969555,0.45201627576168585,exact,True,6.374287906707465e-05,0.1741870788531005,2.881364900467441e-05,2732.651574614458,7.318501170960187e-05,5.000271577589548,1007,r,15.0327234,14.0465736,1444,0.4520293,0.45200840109402585,gaia_dr3_pf
chen_f486_ZTFJ181624.38+013246.2,mbls_h1,science,RRab,RRab,True,chen,0.4520293,2.212245976090488,True,2.212309718969555,0.45201627576168585,exact,True,6.374287906707465e-05,0.1741870788531005,2.881364900467441e-05,2732.651574614458,7.318501170960187e-05,4.974713116145368,1444,g+r,15.0327234,14.0465736,1444,0.4520293,0.45200840109402585,gaia_dr3_pf
chen_f486_ZTFJ181624.38+013246.2,mhls_h8,science,RRab,RRab,True,chen,0.4520293,2.212245976090488,True,2.212309718969555,0.45201627576168585,exact,True,6.374287906707465e-05,0.1741870788531005,2.881364900467441e-05,2732.651574614458,7.318501170960187e-05,4.974713116145368,1444,g+r,15.0327234,14.0465736,1444,0.4520293,0.45200840109402585,gaia_dr3_pf
chen_f486_ZTFJ181624.38+013246.2,ce,science,RRab,RRab,True,chen,0.4520293,2.212245976090488,True,2.212309718969555,0.45201627576168585,exact,True,6.374287906707465e-05,0.1741870788531005,2.881364900467441e-05,2732.651574614458,7.318501170960187e-05,4.974713116145368,1444,g+r,15.0327234,14.0465736,1444,0.4520293,0.45200840109402585,gaia_dr3_pf
chen_f486_ZTFJ181624.38+013246.2,ftp_mb,science,RRab,RRab,True,chen,0.4520293,2.212245976090488,True,2.212309718969555,0.45201627576168585,exact,True,6.374287906707465e-05,0.1741870788531005,2.881364900467441e-05,2732.651574614458,7.318501170960187e-05,4.974713116145368,1444,g+r,15.0327234,14.0465736,1444,0.4520293,0.45200840109402585,gaia_dr3_pf
chen_f486_ZTFJ181645.21+075749.8,gls_1band,science,RRc,RRc,False,chen,0.2816771,3.550164354858808,True,3.5502034292356877,0.2816739997953545,exact,True,3.907437687944437e-05,0.1075566856821951,1.100635716370894e-05,2752.614226300735,7.265329845975008e-05,5.000337449573372,1032,r,15.4105711,14.9321704,1511,0.2816771,0.2816739716224126,gaia_dr3_p1_o
chen_f486_ZTFJ181645.21+075749.8,ftp_1band,science,RRc,RRc,False,chen,0.2816771,3.550164354858808,True,3.5502034292356877,0.2816739997953545,exact,True,3.907437687944437e-05,0.1075566856821951,1.100635716370894e-05,2752.614226300735,7.265329845975008e-05,5.000337449573372,1032,r,15.4105711,14.9321704,1511,0.2816771,0.2816739716224126,gaia_dr3_p1_o
chen_f486_ZTFJ181645.21+075749.8,mbls_h1,science,RRc,RRc,False,chen,0.2816771,3.550164354858808,True,3.5502034292356877,0.2816739997953545,exact,True,3.907437687944437e-05,0.1075566856821951,1.100635716370894e-05,2752.614226300735,7.265329845975008e-05,4.9785814039672776,1511,g+r,15.4105711,14.9321704,1511,0.2816771,0.2816739716224126,gaia_dr3_p1_o
chen_f486_ZTFJ181645.21+075749.8,mhls_h8,science,RRc,RRc,False,chen,0.2816771,3.550164354858808,True,3.5502034292356877,0.2816739997953545,exact,True,3.907437687944437e-05,0.1075566856821951,1.100635716370894e-05,2752.614226300735,7.265329845975008e-05,4.9785814039672776,1511,g+r,15.4105711,14.9321704,1511,0.2816771,0.2816739716224126,gaia_dr3_p1_o
chen_f486_ZTFJ181645.21+075749.8,ce,science,RRc,RRc,False,chen,0.2816771,3.550164354858808,True,3.5502034292356877,0.2816739997953545,exact,True,3.907437687944437e-05,0.1075566856821951,1.100635716370894e-05,2752.614226300735,7.265329845975008e-05,4.9785814039672776,1511,g+r,15.4105711,14.9321704,1511,0.2816771,0.2816739716224126,gaia_dr3_p1_o
chen_f486_ZTFJ181645.21+075749.8,ftp_mb,science,RRc,RRc,False,chen,0.2816771,3.550164354858808,True,3.5502034292356877,0.2816739997953545,exact,True,3.907437687944437e-05,0.1075566856821951,1.100635716370894e-05,2752.614226300735,7.265329845975008e-05,4.9785814039672776,1511,g+r,15.4105711,14.9321704,1511,0.2816771,0.2816739716224126,gaia_dr3_p1_o
chen_f486_ZTFJ181815.87+075007.7,gls_1band,science,RRc,RRc,False,chen,0.3360044,2.97615150277794,True,2.9762423714036617,0.3359941413401684,exact,True,9.086862572171839e-05,0.2501262778829931,3.053225806445055e-05,2752.6142922970466,7.265329845975008e-05,5.0003373296859515,1023,r,14.8891697,14.5304213,1502,0.3360044,0.33611129606766543,gaia_dr3_p1_o
chen_f486_ZTFJ181815.87+075007.7,ftp_1band,science,RRc,RRc,False,chen,0.3360044,2.97615150277794,True,2.9762423714036617,0.3359941413401684,exact,True,9.086862572171839e-05,0.2501262778829931,3.053225806445055e-05,2752.6142922970466,7.265329845975008e-05,5.0003373296859515,1023,r,14.8891697,14.5304213,1502,0.3360044,0.33611129606766543,gaia_dr3_p1_o
chen_f486_ZTFJ181815.87+075007.7,mbls_h1,science,RRc,RRc,False,chen,0.3360044,2.97615150277794,True,2.9762423714036617,0.3359941413401684,exact,True,9.086862572171839e-05,0.2501262778829931,3.053225806445055e-05,2752.6142922970466,7.265329845975008e-05,4.978581280868464,1502,g+r,14.8891697,14.5304213,1502,0.3360044,0.33611129606766543,gaia_dr3_p1_o
chen_f486_ZTFJ181815.87+075007.7,mhls_h8,science,RRc,RRc,False,chen,0.3360044,2.97615150277794,True,2.9762423714036617,0.3359941413401684,exact,True,9.086862572171839e-05,0.2501262778829931,3.053225806445055e-05,2752.6142922970466,7.265329845975008e-05,4.978581280868464,1502,g+r,14.8891697,14.5304213,1502,0.3360044,0.33611129606766543,gaia_dr3_p1_o
chen_f486_ZTFJ181815.87+075007.7,ce,science,RRc,RRc,False,chen,0.3360044,2.97615150277794,True,2.9762423714036617,0.3359941413401684,exact,True,9.086862572171839e-05,0.2501262778829931,3.053225806445055e-05,2752.6142922970466,7.265329845975008e-05,4.978581280868464,1502,g+r,14.8891697,14.5304213,1502,0.3360044,0.33611129606766543,gaia_dr3_p1_o
chen_f486_ZTFJ181815.87+075007.7,ftp_mb,science,RRc,RRc,False,chen,0.3360044,2.97615150277794,True,2.9762423714036617,0.3359941413401684,exact,True,9.086862572171839e-05,0.2501262778829931,3.053225806445055e-05,2752.6142922970466,7.265329845975008e-05,4.978581280868464,1502,g+r,14.8891697,14.5304213,1502,0.3360044,0.33611129606766543,gaia_dr3_p1_o
chen_f486_ZTFJ181921.70+032211.3,gls_1band,science,RRc,RRc,True,chen,0.3617904,2.7640313286366913,True,2.7652571926765477,0.36163001497595965,miss,False,0.0012258640398563614,3.3743307402153433,0.0004435058413252489,2752.6141811050475,7.265329845975008e-05,5.000337531674849,1003,r,14.399415,13.94913005,1468,0.3617904,0.36161719724716124,gaia_dr3_p1_o
chen_f486_ZTFJ181921.70+032211.3,ftp_1band,science,RRc,RRc,True,chen,0.3617904,2.7640313286366913,True,2.7652571926765477,0.36163001497595965,miss,False,0.0012258640398563614,3.3743307402153433,0.0004435058413252489,2752.6141811050475,7.265329845975008e-05,5.000337531674849,1003,r,14.399415,13.94913005,1468,0.3617904,0.36161719724716124,gaia_dr3_p1_o
chen_f486_ZTFJ181921.70+032211.3,mbls_h1,science,RRc,RRc,True,chen,0.3617904,2.7640313286366913,True,2.7653298459750073,0.36162051389837635,miss,False,0.0012985173383159854,3.574317239859362,0.0004697911072362757,2752.6141811050475,7.265329845975008e-05,4.9785814003186815,1468,g+r,14.399415,13.94913005,1468,0.3617904,0.36161719724716124,gaia_dr3_p1_o
chen_f486_ZTFJ181921.70+032211.3,mhls_h8,science,RRc,RRc,True,chen,0.3617904,2.7640313286366913,True,1.3826649229875037,0.7232410277967527,miss,False,1.3813664056491877,3802.3687574920614,0.49976510444638184,2752.6141811050475,7.265329845975008e-05,4.9785814003186815,1468,g+r,14.399415,13.94913005,1468,0.3617904,0.36161719724716124,gaia_dr3_p1_o
chen_f486_ZTFJ181921.70+032211.3,ce,science,RRc,RRc,True,chen,0.3617904,2.7640313286366913,True,2.7652571926765477,0.36163001497595965,miss,False,0.0012258640398563614,3.3743307402153433,0.0004435058413252489,2752.6141811050475,7.265329845975008e-05,4.9785814003186815,1468,g+r,14.399415,13.94913005,1468,0.3617904,0.36161719724716124,gaia_dr3_p1_o
chen_f486_ZTFJ181921.70+032211.3,ftp_mb,science,RRc,RRc,True,chen,0.3617904,2.7640313286366913,True,2.7653298459750073,0.36162051389837635,miss,False,0.0012985173383159854,3.574317239859362,0.0004697911072362757,2752.6141811050475,7.265329845975008e-05,4.9785814003186815,1468,g+r,14.399415,13.94913005,1468,0.3617904,0.36161719724716124,gaia_dr3_p1_o
chen_f486_ZTFJ182202.62+020906.8,gls_1band,science,RRc,RRc,False,chen,0.2261538,4.421769609884954,True,4.4217523975588495,0.2261546803371617,exact,True,1.7212326104854014e-05,0.04737889441369503,3.892632955451934e-06,2752.6142675355077,7.265329845975008e-05,5.0003373746672075,1025,r,15.7006879,14.8433218,1481,0.2261538,0.22615348097705487,gaia_dr3_p1_o
chen_f486_ZTFJ182202.62+020906.8,ftp_1band,science,RRc,RRc,False,chen,0.2261538,4.421769609884954,True,4.4217523975588495,0.2261546803371617,exact,True,1.7212326104854014e-05,0.04737889441369503,3.892632955451934e-06,2752.6142675355077,7.265329845975008e-05,5.0003373746672075,1025,r,15.7006879,14.8433218,1481,0.2261538,0.22615348097705487,gaia_dr3_p1_o
chen_f486_ZTFJ182202.62+020906.8,mbls_h1,science,RRc,RRc,False,chen,0.2261538,4.421769609884954,True,4.4217523975588495,0.2261546803371617,exact,True,1.7212326104854014e-05,0.04737889441369503,3.892632955451934e-06,2752.6142675355077,7.265329845975008e-05,4.978581222067457,1481,g+r,15.7006879,14.8433218,1481,0.2261538,0.22615348097705487,gaia_dr3_p1_o
chen_f486_ZTFJ182202.62+020906.8,mhls_h8,science,RRc,RRc,False,chen,0.2261538,4.421769609884954,True,1.4739174658529497,0.6784640410114852,miss,False,2.9478521440320047,8114.2998702476325,0.6666679642109852,2752.6142675355077,7.265329845975008e-05,4.978581222067457,1481,g+r,15.7006879,14.8433218,1481,0.2261538,0.22615348097705487,gaia_dr3_p1_o
chen_f486_ZTFJ182202.62+020906.8,ce,science,RRc,RRc,False,chen,0.2261538,4.421769609884954,True,4.4217523975588495,0.2261546803371617,exact,True,1.7212326104854014e-05,0.04737889441369503,3.892632955451934e-06,2752.6142675355077,7.265329845975008e-05,4.978581222067457,1481,g+r,15.7006879,14.8433218,1481,0.2261538,0.22615348097705487,gaia_dr3_p1_o
chen_f486_ZTFJ182202.62+020906.8,ftp_mb,science,RRc,RRc,False,chen,0.2261538,4.421769609884954,True,4.4217523975588495,0.2261546803371617,exact,True,1.7212326104854014e-05,0.04737889441369503,3.892632955451934e-06,2752.6142675355077,7.265329845975008e-05,4.978581222067457,1481,g+r,15.7006879,14.8433218,1481,0.2261538,0.22615348097705487,gaia_dr3_p1_o
chen_f486_ZTFJ182236.75+061049.7,gls_1band,science,RRab,RRab,False,chen,0.4332018,2.3083929937502567,True,2.308485905260099,0.4331843645748096,exact,True,9.291150984225283e-05,0.25574956320467973,4.024943330438164e-05,2752.6144353793934,7.265329845975008e-05,5.000337069765786,1012,r,14.98749495,14.4258866,1490,0.4332018,0.4331829102224665,gaia_dr3_pf
chen_f486_ZTFJ182236.75+061049.7,ftp_1band,science,RRab,RRab,False,chen,0.4332018,2.3083929937502567,True,2.308485905260099,0.4331843645748096,exact,True,9.291150984225283e-05,0.25574956320467973,4.024943330438164e-05,2752.6144353793934,7.265329845975008e-05,5.000337069765786,1012,r,14.98749495,14.4258866,1490,0.4332018,0.4331829102224665,gaia_dr3_pf
chen_f486_ZTFJ182236.75+061049.7,mbls_h1,science,RRab,RRab,False,chen,0.4332018,2.3083929937502567,True,2.308485905260099,0.4331843645748096,exact,True,9.291150984225283e-05,0.25574956320467973,4.024943330438164e-05,2752.6144353793934,7.265329845975008e-05,4.978580987668461,1490,g+r,14.98749495,14.4258866,1490,0.4332018,0.4331829102224665,gaia_dr3_pf
chen_f486_ZTFJ182236.75+061049.7,mhls_h8,science,RRab,RRab,False,chen,0.4332018,2.3083929937502567,True,2.308485905260099,0.4331843645748096,exact,True,9.291150984225283e-05,0.25574956320467973,4.024943330438164e-05,2752.6144353793934,7.265329845975008e-05,4.978580987668461,1490,g+r,14.98749495,14.4258866,1490,0.4332018,0.4331829102224665,gaia_dr3_pf
chen_f486_ZTFJ182236.75+061049.7,ce,science,RRab,RRab,False,chen,0.4332018,2.3083929937502567,True,2.308485905260099,0.4331843645748096,exact,True,9.291150984225283e-05,0.25574956320467973,4.024943330438164e-05,2752.6144353793934,7.265329845975008e-05,4.978580987668461,1490,g+r,14.98749495,14.4258866,1490,0.4332018,0.4331829102224665,gaia_dr3_pf
chen_f486_ZTFJ182236.75+061049.7,ftp_mb,science,RRab,RRab,False,chen,0.4332018,2.3083929937502567,True,2.308485905260099,0.4331843645748096,exact,True,9.291150984225283e-05,0.25574956320467973,4.024943330438164e-05,2752.6144353793934,7.265329845975008e-05,4.978580987668461,1490,g+r,14.98749495,14.4258866,1490,0.4332018,0.4331829102224665,gaia_dr3_pf
chen_f486_ZTFJ182731.82+074345.6,gls_1band,science,RRc,RRc,False,chen,0.2680869,3.730133773787529,True,3.7303109561174077,0.2680741664069804,exact,True,0.00017718232987862237,0.4877146905010658,4.750026155193725e-05,2752.6147265089676,7.265329845975008e-05,5.0003365409064475,1018,r,15.0796757,14.79862545,1497,0.2680869,0.26806642868738195,gaia_dr3_p1_o
chen_f486_ZTFJ182731.82+074345.6,ftp_1band,science,RRc,RRc,False,chen,0.2680869,3.730133773787529,True,3.7303109561174077,0.2680741664069804,exact,True,0.00017718232987862237,0.4877146905010658,4.750026155193725e-05,2752.6147265089676,7.265329845975008e-05,5.0003365409064475,1018,r,15.0796757,14.79862545,1497,0.2680869,0.26806642868738195,gaia_dr3_p1_o
chen_f486_ZTFJ182731.82+074345.6,mbls_h1,science,RRc,RRc,False,chen,0.2680869,3.730133773787529,True,3.7303109561174077,0.2680741664069804,exact,True,0.00017718232987862237,0.4877146905010658,4.750026155193725e-05,2752.6147265089676,7.265329845975008e-05,4.978580487664193,1497,g+r,15.0796757,14.79862545,1497,0.2680869,0.26806642868738195,gaia_dr3_p1_o
chen_f486_ZTFJ182731.82+074345.6,mhls_h8,science,RRc,RRc,False,chen,0.2680869,3.730133773787529,True,3.7303109561174077,0.2680741664069804,exact,True,0.00017718232987862237,0.4877146905010658,4.750026155193725e-05,2752.6147265089676,7.265329845975008e-05,4.978580487664193,1497,g+r,15.0796757,14.79862545,1497,0.2680869,0.26806642868738195,gaia_dr3_p1_o
chen_f486_ZTFJ182731.82+074345.6,ce,science,RRc,RRc,False,chen,0.2680869,3.730133773787529,True,3.7303109561174077,0.2680741664069804,exact,True,0.00017718232987862237,0.4877146905010658,4.750026155193725e-05,2752.6147265089676,7.265329845975008e-05,4.978580487664193,1497,g+r,15.0796757,14.79862545,1497,0.2680869,0.26806642868738195,gaia_dr3_p1_o
chen_f486_ZTFJ182731.82+074345.6,ftp_mb,science,RRc,RRc,False,chen,0.2680869,3.730133773787529,True,3.7303109561174077,0.2680741664069804,exact,True,0.00017718232987862237,0.4877146905010658,4.750026155193725e-05,2752.6147265089676,7.265329845975008e-05,4.978580487664193,1497,g+r,15.0796757,14.79862545,1497,0.2680869,0.26806642868738195,gaia_dr3_p1_o
chen_f486_ZTFJ182758.45+055314.9,gls_1band,science,RRc,RRc,False,chen,0.3923737,2.548590794948795,True,2.548605056669573,0.3923715043188232,exact,True,1.426172077767518e-05,0.03925702197464487,5.595924149903287e-06,2752.6146799968556,7.265329845975008e-05,5.000336625399281,991,r,14.9183483,14.5003958,1468,0.3923737,0.39237370592937454,gaia_dr3_p1_o
chen_f486_ZTFJ182758.45+055314.9,ftp_1band,science,RRc,RRc,False,chen,0.3923737,2.548590794948795,True,2.548605056669573,0.3923715043188232,exact,True,1.426172077767518e-05,0.03925702197464487,5.595924149903287e-06,2752.6146799968556,7.265329845975008e-05,5.000336625399281,991,r,14.9183483,14.5003958,1468,0.3923737,0.39237370592937454,gaia_dr3_p1_o
chen_f486_ZTFJ182758.45+055314.9,mbls_h1,science,RRc,RRc,False,chen,0.3923737,2.548590794948795,True,2.548605056669573,0.3923715043188232,exact,True,1.426172077767518e-05,0.03925702197464487,5.595924149903287e-06,2752.6146799968556,7.265329845975008e-05,4.978580536970955,1468,g+r,14.9183483,14.5003958,1468,0.3923737,0.39237370592937454,gaia_dr3_p1_o
chen_f486_ZTFJ182758.45+055314.9,mhls_h8,science,RRc,RRc,False,chen,0.3923737,2.548590794948795,True,2.548605056669573,0.3923715043188232,exact,True,1.426172077767518e-05,0.03925702197464487,5.595924149903287e-06,2752.6146799968556,7.265329845975008e-05,4.978580536970955,1468,g+r,14.9183483,14.5003958,1468,0.3923737,0.39237370592937454,gaia_dr3_p1_o
chen_f486_ZTFJ182758.45+055314.9,ce,science,RRc,RRc,False,chen,0.3923737,2.548590794948795,True,2.548605056669573,0.3923715043188232,exact,True,1.426172077767518e-05,0.03925702197464487,5.595924149903287e-06,2752.6146799968556,7.265329845975008e-05,4.978580536970955,1468,g+r,14.9183483,14.5003958,1468,0.3923737,0.39237370592937454,gaia_dr3_p1_o
chen_f486_ZTFJ182758.45+055314.9,ftp_mb,science,RRc,RRc,False,chen,0.3923737,2.548590794948795,True,2.548605056669573,0.3923715043188232,exact,True,1.426172077767518e-05,0.03925702197464487,5.595924149903287e-06,2752.6146799968556,7.265329845975008e-05,4.978580536970955,1468,g+r,14.9183483,14.5003958,1468,0.3923737,0.39237370592937454,gaia_dr3_p1_o
chen_f486_ZTFJ182802.45+054037.9,gls_1band,science,RRab,RRab,False,chen,0.5315145,1.8814162172433677,True,1.8813571636152282,0.5315311836261827,exact,True,5.905362813951598e-05,0.16255188346635155,3.1387859633760764e-05,2752.614675635472,7.265329845975008e-05,5.000336633322071,990,r,15.2781916,14.51904155,1467,0.5315145,0.5315078922067124,gaia_dr3_pf
chen_f486_ZTFJ182802.45+054037.9,ftp_1band,science,RRab,RRab,False,chen,0.5315145,1.8814162172433677,True,1.881429816913688,0.5315106580166821,exact,True,1.3599670320330048e-05,0.03743465210754465,7.228421970475066e-06,2752.614675635472,7.265329845975008e-05,5.000336633322071,990,r,15.2781916,14.51904155,1467,0.5315145,0.5315078922067124,gaia_dr3_pf
chen_f486_ZTFJ182802.45+054037.9,mbls_h1,science,RRab,RRab,False,chen,0.5315145,1.8814162172433677,True,1.8813571636152282,0.5315311836261827,exact,True,5.905362813951598e-05,0.16255188346635155,3.1387859633760764e-05,2752.614675635472,7.265329845975008e-05,4.9785805410069655,1467,g+r,15.2781916,14.51904155,1467,0.5315145,0.5315078922067124,gaia_dr3_pf
chen_f486_ZTFJ182802.45+054037.9,mhls_h8,science,RRab,RRab,False,chen,0.5315145,1.8814162172433677,True,1.881429816913688,0.5315106580166821,exact,True,1.3599670320330048e-05,0.03743465210754465,7.228421970475066e-06,2752.614675635472,7.265329845975008e-05,4.9785805410069655,1467,g+r,15.2781916,14.51904155,1467,0.5315145,0.5315078922067124,gaia_dr3_pf
chen_f486_ZTFJ182802.45+054037.9,ce,science,RRab,RRab,False,chen,0.5315145,1.8814162172433677,True,1.8813571636152282,0.5315311836261827,exact,True,5.905362813951598e-05,0.16255188346635155,3.1387859633760764e-05,2752.614675635472,7.265329845975008e-05,4.9785805410069655,1467,g+r,15.2781916,14.51904155,1467,0.5315145,0.5315078922067124,gaia_dr3_pf
chen_f486_ZTFJ182802.45+054037.9,ftp_mb,science,RRab,RRab,False,chen,0.5315145,1.8814162172433677,True,1.881429816913688,0.5315106580166821,exact,True,1.3599670320330048e-05,0.03743465210754465,7.228421970475066e-06,2752.614675635472,7.265329845975008e-05,4.9785805410069655,1467,g+r,15.2781916,14.51904155,1467,0.5315145,0.5315078922067124,gaia_dr3_pf
chen_f486_ZTFJ183020.78+041109.5,gls_1band,science,RRc,RRc,False,chen,0.2554271,3.9150113672355045,True,3.9149956408020925,0.2554281260438704,exact,True,1.5726433411966667e-05,0.04328881231792406,4.0169572797617515e-06,2752.614733674098,7.265329845975008e-05,5.000336527890437,1010,r,15.1227779,14.392745949999998,1485,0.2554271,0.2554265723554241,gaia_dr3_p1_o
chen_f486_ZTFJ183020.78+041109.5,ftp_1band,science,RRc,RRc,False,chen,0.2554271,3.9150113672355045,True,3.9149956408020925,0.2554281260438704,exact,True,1.5726433411966667e-05,0.04328881231792406,4.0169572797617515e-06,2752.614733674098,7.265329845975008e-05,5.000336527890437,1010,r,15.1227779,14.392745949999998,1485,0.2554271,0.2554265723554241,gaia_dr3_p1_o
chen_f486_ZTFJ183020.78+041109.5,mbls_h1,science,RRc,RRc,False,chen,0.2554271,3.9150113672355045,True,3.9149956408020925,0.2554281260438704,exact,True,1.5726433411966667e-05,0.04328881231792406,4.0169572797617515e-06,2752.614733674098,7.265329845975008e-05,4.978580408709142,1485,g+r,15.1227779,14.392745949999998,1485,0.2554271,0.2554265723554241,gaia_dr3_p1_o
chen_f486_ZTFJ183020.78+041109.5,mhls_h8,science,RRc,RRc,False,chen,0.2554271,3.9150113672355045,True,3.9149956408020925,0.2554281260438704,exact,True,1.5726433411966667e-05,0.04328881231792406,4.0169572797617515e-06,2752.614733674098,7.265329845975008e-05,4.978580408709142,1485,g+r,15.1227779,14.392745949999998,1485,0.2554271,0.2554265723554241,gaia_dr3_p1_o
chen_f486_ZTFJ183020.78+041109.5,ce,science,RRc,RRc,False,chen,0.2554271,3.9150113672355045,True,3.9149956408020925,0.2554281260438704,exact,True,1.5726433411966667e-05,0.04328881231792406,4.0169572797617515e-06,2752.614733674098,7.265329845975008e-05,4.978580408709142,1485,g+r,15.1227779,14.392745949999998,1485,0.2554271,0.2554265723554241,gaia_dr3_p1_o
chen_f486_ZTFJ183020.78+041109.5,ftp_mb,science,RRc,RRc,False,chen,0.2554271,3.9150113672355045,True,3.9149956408020925,0.2554281260438704,exact,True,1.5726433411966667e-05,0.04328881231792406,4.0169572797617515e-06,2752.614733674098,7.265329845975008e-05,4.978580408709142,1485,g+r,15.1227779,14.392745949999998,1485,0.2554271,0.2554265723554241,gaia_dr3_p1_o
gaia_f486_4276113046713707904,gls_1band,control_antijoin,RRab,RRab,False,gaia,0.5091168863349941,1.9641854883242067,True,1.964896884598508,0.5089325591782046,miss,False,0.0007113962743012792,1.9454133966986913,0.00036218385612258263,2734.6409687194973,7.313149041977475e-05,5.000290771772825,1017,r,16.415452950000002,15.8219328,1473,nan,0.5091168863349941,gaia_dr3_pf
gaia_f486_4276113046713707904,ftp_1band,control_antijoin,RRab,RRab,False,gaia,0.5091168863349941,1.9641854883242067,True,1.9648237531080883,0.5089515018424089,miss,False,0.0006382647838816258,1.7454250268935898,0.0003249513794270912,2734.6409687194973,7.313149041977475e-05,5.000290771772825,1017,r,16.415452950000002,15.8219328,1473,nan,0.5091168863349941,gaia_dr3_pf
gaia_f486_4276113046713707904,mbls_h1,control_antijoin,RRab,RRab,False,gaia,0.5091168863349941,1.9641854883242067,True,1.9648237531080883,0.5089515018424089,miss,False,0.0006382647838816258,1.7454250268935898,0.0003249513794270912,2734.6409687194973,7.313149041977475e-05,4.978354375037986,1473,g+r,16.415452950000002,15.8219328,1473,nan,0.5091168863349941,gaia_dr3_pf
gaia_f486_4276113046713707904,mhls_h8,control_antijoin,RRab,RRab,False,gaia,0.5091168863349941,1.9641854883242067,True,1.964896884598508,0.5089325591782046,miss,False,0.0007113962743012792,1.9454133966986913,0.00036218385612258263,2734.6409687194973,7.313149041977475e-05,4.978354375037986,1473,g+r,16.415452950000002,15.8219328,1473,nan,0.5091168863349941,gaia_dr3_pf
gaia_f486_4276113046713707904,ce,control_antijoin,RRab,RRab,False,gaia,0.5091168863349941,1.9641854883242067,True,1.9648237531080883,0.5089515018424089,miss,False,0.0006382647838816258,1.7454250268935898,0.0003249513794270912,2734.6409687194973,7.313149041977475e-05,4.978354375037986,1473,g+r,16.415452950000002,15.8219328,1473,nan,0.5091168863349941,gaia_dr3_pf
gaia_f486_4276113046713707904,ftp_mb,control_antijoin,RRab,RRab,False,gaia,0.5091168863349941,1.9641854883242067,True,1.9648237531080883,0.5089515018424089,miss,False,0.0006382647838816258,1.7454250268935898,0.0003249513794270912,2734.6409687194973,7.313149041977475e-05,4.978354375037986,1473,g+r,16.415452950000002,15.8219328,1473,nan,0.5091168863349941,gaia_dr3_pf
gaia_f486_4276158298490514816,gls_1band,control_antijoin,RRab,RRab,False,gaia,0.4913275944435673,2.0353019274899644,True,2.0352723766672023,0.4913347281986499,exact,True,2.9550822762125506e-05,0.07355353753055703,1.4519134661543338e-05,2489.0521026314236,8.034709946970914e-05,5.000297095766738,75,r,16.22762775,15.8792067,119,nan,0.4913275944435673,gaia_dr3_pf
gaia_f486_4276158298490514816,ftp_1band,control_antijoin,RRab,RRab,False,gaia,0.4913275944435673,2.0353019274899644,True,2.0352723766672023,0.4913347281986499,exact,True,2.9550822762125506e-05,0.07355353753055703,1.4519134661543338e-05,2489.0521026314236,8.034709946970914e-05,5.000297095766738,75,r,16.22762775,15.8792067,119,nan,0.4913275944435673,gaia_dr3_pf
gaia_f486_4276158298490514816,mbls_h1,control_antijoin,RRab,RRab,False,gaia,0.4913275944435673,2.0353019274899644,True,2.0352558139534884,0.4913387266328443,exact,True,4.6113536475989036e-05,0.09914399410389409,2.2656852948033388e-05,2149.997629340738,9.302325581395348e-05,4.298187291736324,119,g+r,16.22762775,15.8792067,119,nan,0.4913275944435673,gaia_dr3_pf
gaia_f486_4276158298490514816,mhls_h8,control_antijoin,RRab,RRab,False,gaia,0.4913275944435673,2.0353019274899644,True,2.0352558139534884,0.4913387266328443,exact,True,4.6113536475989036e-05,0.09914399410389409,2.2656852948033388e-05,2149.997629340738,9.302325581395348e-05,4.298187291736324,119,g+r,16.22762775,15.8792067,119,nan,0.4913275944435673,gaia_dr3_pf
gaia_f486_4276158298490514816,ce,control_antijoin,RRab,RRab,False,gaia,0.4913275944435673,2.0353019274899644,True,2.0352558139534884,0.4913387266328443,exact,True,4.6113536475989036e-05,0.09914399410389409,2.2656852948033388e-05,2149.997629340738,9.302325581395348e-05,4.298187291736324,119,g+r,16.22762775,15.8792067,119,nan,0.4913275944435673,gaia_dr3_pf
gaia_f486_4276158298490514816,ftp_mb,control_antijoin,RRab,RRab,False,gaia,0.4913275944435673,2.0353019274899644,True,2.0352558139534884,0.4913387266328443,exact,True,4.6113536475989036e-05,0.09914399410389409,2.2656852948033388e-05,2149.997629340738,9.302325581395348e-05,4.298187291736324,119,g+r,16.22762775,15.8792067,119,nan,0.4913275944435673,gaia_dr3_pf
gaia_f486_4470511478511585792,gls_1band,control_antijoin,RRab,RRab,False,gaia,0.5981311715287205,1.6718740764574629,True,1.6718590024864706,0.5981365644547483,exact,True,1.5073970992318664e-05,0.04122190394146698,9.016211929225513e-06,2734.6413206229918,7.313149041977475e-05,5.000290128317399,623,r,16.2482491,15.7983494,1022,nan,0.5981311715287205,gaia_dr3_pf
gaia_f486_4470511478511585792,ftp_1band,control_antijoin,RRab,RRab,False,gaia,0.5981311715287205,1.6718740764574629,True,1.6719321339768904,0.5981104015396729,exact,True,5.805751942755677e-05,0.15876649159946885,3.472601211125599e-05,2734.6413206229918,7.313149041977475e-05,5.000290128317399,623,r,16.2482491,15.7983494,1022,nan,0.5981311715287205,gaia_dr3_pf
gaia_f486_4470511478511585792,mbls_h1,control_antijoin,RRab,RRab,False,gaia,0.5981311715287205,1.6718740764574629,True,1.6719321339768904,0.5981104015396729,exact,True,5.805751942755677e-05,0.15876649159946885,3.472601211125599e-05,2734.6413206229918,7.313149041977475e-05,4.978353772324045,1022,g+r,16.2482491,15.7983494,1022,nan,0.5981311715287205,gaia_dr3_pf
gaia_f486_4470511478511585792,mhls_h8,control_antijoin,RRab,RRab,False,gaia,0.5981311715287205,1.6718740764574629,True,1.6719321339768904,0.5981104015396729,exact,True,5.805751942755677e-05,0.15876649159946885,3.472601211125599e-05,2734.6413206229918,7.313149041977475e-05,4.978353772324045,1022,g+r,16.2482491,15.7983494,1022,nan,0.5981311715287205,gaia_dr3_pf
gaia_f486_4470511478511585792,ce,control_antijoin,RRab,RRab,False,gaia,0.5981311715287205,1.6718740764574629,True,1.6719321339768904,0.5981104015396729,exact,True,5.805751942755677e-05,0.15876649159946885,3.472601211125599e-05,2734.6413206229918,7.313149041977475e-05,4.978353772324045,1022,g+r,16.2482491,15.7983494,1022,nan,0.5981311715287205,gaia_dr3_pf
gaia_f486_4470511478511585792,ftp_mb,control_antijoin,RRab,RRab,False,gaia,0.5981311715287205,1.6718740764574629,True,1.6719321339768904,0.5981104015396729,exact,True,5.805751942755677e-05,0.15876649159946885,3.472601211125599e-05,2734.6413206229918,7.313149041977475e-05,4.978353772324045,1022,g+r,16.2482491,15.7983494,1022,nan,0.5981311715287205,gaia_dr3_pf
gaia_f486_4471655692153837824,gls_1band,control_antijoin,RRab,RRab,False,gaia,0.4447907583803584,2.2482481507515044,True,2.2482687490791218,0.4447866832688905,exact,True,2.0598327617360468e-05,0.05591882096846088,9.161945762292843e-06,2714.726263569668,7.367025195226167e-05,5.000135808223691,139,g,16.2133331,15.8698092,186,nan,0.4447907583803584,gaia_dr3_pf
gaia_f486_4471655692153837824,ftp_1band,control_antijoin,RRab,RRab,False,gaia,0.4447907583803584,2.2482481507515044,True,2.2482687490791218,0.4447866832688905,exact,True,2.0598327617360468e-05,0.05591882096846088,9.161945762292843e-06,2714.726263569668,7.367025195226167e-05,5.000135808223691,139,g,16.2133331,15.8698092,186,nan,0.4447907583803584,gaia_dr3_pf
gaia_f486_4471655692153837824,mbls_h1,control_antijoin,RRab,RRab,False,gaia,0.4447907583803584,2.2482481507515044,True,2.2482640307164448,0.44478761672904327,exact,True,1.587996494034627e-05,0.038875673994285626,7.06326164887012e-06,2448.095706780441,8.169267216730659e-05,4.4959235515001,186,g+r,16.2133331,15.8698092,186,nan,0.4447907583803584,gaia_dr3_pf
gaia_f486_4471655692153837824,mhls_h8,control_antijoin,RRab,RRab,False,gaia,0.4447907583803584,2.2482481507515044,True,2.2482640307164448,0.44478761672904327,exact,True,1.587996494034627e-05,0.038875673994285626,7.06326164887012e-06,2448.095706780441,8.169267216730659e-05,4.4959235515001,186,g+r,16.2133331,15.8698092,186,nan,0.4447907583803584,gaia_dr3_pf
gaia_f486_4471655692153837824,ce,control_antijoin,RRab,RRab,False,gaia,0.4447907583803584,2.2482481507515044,True,2.2482640307164448,0.44478761672904327,exact,True,1.587996494034627e-05,0.038875673994285626,7.06326164887012e-06,2448.095706780441,8.169267216730659e-05,4.4959235515001,186,g+r,16.2133331,15.8698092,186,nan,0.4447907583803584,gaia_dr3_pf
gaia_f486_4471655692153837824,ftp_mb,control_antijoin,RRab,RRab,False,gaia,0.4447907583803584,2.2482481507515044,True,2.2482640307164448,0.44478761672904327,exact,True,1.587996494034627e-05,0.038875673994285626,7.06326164887012e-06,2448.095706780441,8.169267216730659e-05,4.4959235515001,186,g+r,16.2133331,15.8698092,186,nan,0.4447907583803584,gaia_dr3_pf
gaia_f486_4477560241400315136,gls_1band,control_antijoin,RRab,RRab,False,gaia,0.5593085703996635,1.7879218251303264,True,1.7879258230536719,0.559307319747784,exact,True,3.997923345488985e-06,0.009787337096647662,2.2360727909328842e-06,2448.105241360143,8.169267216730659e-05,5.000193534653365,49,r,16.2774372,15.7633886,96,nan,0.5593085703996635,gaia_dr3_pf
gaia_f486_4477560241400315136,ftp_1band,control_antijoin,RRab,RRab,False,gaia,0.5593085703996635,1.7879218251303264,True,1.7879258230536719,0.559307319747784,exact,True,3.997923345488985e-06,0.009787337096647662,2.2360727909328842e-06,2448.105241360143,8.169267216730659e-05,5.000193534653365,49,r,16.2774372,15.7633886,96,nan,0.5593085703996635,gaia_dr3_pf
gaia_f486_4477560241400315136,mbls_h1,control_antijoin,RRab,RRab,False,gaia,0.5593085703996635,1.7879218251303264,True,1.7879835023966113,0.55928927680798,exact,True,6.167726628492076e-05,0.11065292276604702,3.44966236319784e-05,1794.063346693758,0.00011147029316687103,3.664466644830923,96,g+r,16.2774372,15.7633886,96,nan,0.5593085703996635,gaia_dr3_pf
gaia_f486_4477560241400315136,mhls_h8,control_antijoin,RRab,RRab,False,gaia,0.5593085703996635,1.7879218251303264,True,1.7879835023966113,0.55928927680798,exact,True,6.167726628492076e-05,0.11065292276604702,3.44966236319784e-05,1794.063346693758,0.00011147029316687103,3.664466644830923,96,g+r,16.2774372,15.7633886,96,nan,0.5593085703996635,gaia_dr3_pf
gaia_f486_4477560241400315136,ce,control_antijoin,RRab,RRab,False,gaia,0.5593085703996635,1.7879218251303264,True,1.7879835023966113,0.55928927680798,exact,True,6.167726628492076e-05,0.11065292276604702,3.44966236319784e-05,1794.063346693758,0.00011147029316687103,3.664466644830923,96,g+r,16.2774372,15.7633886,96,nan,0.5593085703996635,gaia_dr3_pf
gaia_f486_4477560241400315136,ftp_mb,control_antijoin,RRab,RRab,False,gaia,0.5593085703996635,1.7879218251303264,True,1.7879835023966113,0.55928927680798,exact,True,6.167726628492076e-05,0.11065292276604702,3.44966236319784e-05,1794.063346693758,0.00011147029316687103,3.664466644830923,96,g+r,16.2774372,15.7633886,96,nan,0.5593085703996635,gaia_dr3_pf
chen_f686_ZTFJ193825.40+352053.3,gls_1band,science,RRc,RRc,False,chen,0.3186458,3.1382808121117556,True,3.1382548396417222,0.3186484371403581,exact,True,2.5972470033330808e-05,0.07190800664841679,8.276018491746722e-06,2768.624106838368,7.22334585379948e-05,5.000317654464537,980,r,15.139734749999999,14.8588901,1720,0.3186458,0.31864957609712047,gaia_dr3_p1_o
chen_f686_ZTFJ193825.40+352053.3,ftp_1band,science,RRc,RRc,False,chen,0.3186458,3.1382808121117556,True,3.1382548396417222,0.3186484371403581,exact,True,2.5972470033330808e-05,0.07190800664841679,8.276018491746722e-06,2768.624106838368,7.22334585379948e-05,5.000317654464537,980,r,15.139734749999999,14.8588901,1720,0.3186458,0.31864957609712047,gaia_dr3_p1_o
chen_f686_ZTFJ193825.40+352053.3,mbls_h1,science,RRc,RRc,False,chen,0.3186458,3.1382808121117556,True,3.138265527725496,0.3186473519099465,exact,True,1.5284386259750704e-05,0.04222557822428625,4.870305487247271e-06,2762.6610258785076,7.239032865209208e-05,4.989420169441508,1720,g+r,15.139734749999999,14.8588901,1720,0.3186458,0.31864957609712047,gaia_dr3_p1_o
chen_f686_ZTFJ193825.40+352053.3,mhls_h8,science,RRc,RRc,False,chen,0.3186458,3.1382808121117556,True,1.569132763862748,0.637294703819893,f/2,True,1.5691480482490077,4335.024156730861,0.5000024351527437,2762.6610258785076,7.239032865209208e-05,4.989420169441508,1720,g+r,15.139734749999999,14.8588901,1720,0.3186458,0.31864957609712047,gaia_dr3_p1_o
chen_f686_ZTFJ193825.40+352053.3,ce,science,RRc,RRc,False,chen,0.3186458,3.1382808121117556,True,3.138265527725496,0.3186473519099465,exact,True,1.5284386259750704e-05,0.04222557822428625,4.870305487247271e-06,2762.6610258785076,7.239032865209208e-05,4.989420169441508,1720,g+r,15.139734749999999,14.8588901,1720,0.3186458,0.31864957609712047,gaia_dr3_p1_o
chen_f686_ZTFJ193825.40+352053.3,ftp_mb,science,RRc,RRc,False,chen,0.3186458,3.1382808121117556,True,3.138265527725496,0.3186473519099465,exact,True,1.5284386259750704e-05,0.04222557822428625,4.870305487247271e-06,2762.6610258785076,7.239032865209208e-05,4.989420169441508,1720,g+r,15.139734749999999,14.8588901,1720,0.3186458,0.31864957609712047,gaia_dr3_p1_o
chen_f686_ZTFJ193829.95+345130.9,gls_1band,science,RRc,RRc,False,chen,0.3166504,3.1580569612417984,True,3.1580468072811327,0.316651418115279,exact,True,1.0153960665615358e-05,0.02811250035805695,3.2152557063513696e-06,2768.62411465263,7.22334585379948e-05,5.000317640351463,1013,r,17.3364544,17.0677605,1803,0.3166504,0.3166537747273496,gaia_dr3_p1_o
chen_f686_ZTFJ193829.95+345130.9,ftp_1band,science,RRc,RRc,False,chen,0.3166504,3.1580569612417984,True,3.1580468072811327,0.316651418115279,exact,True,1.0153960665615358e-05,0.02811250035805695,3.2152557063513696e-06,2768.62411465263,7.22334585379948e-05,5.000317640351463,1013,r,17.3364544,17.0677605,1803,0.3166504,0.3166537747273496,gaia_dr3_p1_o
chen_f686_ZTFJ193829.95+345130.9,mbls_h1,science,RRc,RRc,False,chen,0.3166504,3.1580569612417984,True,3.1580280874475166,0.31665329512893986,exact,True,2.887379428173631e-05,0.07976850623765913,9.142898508829515e-06,2762.6610295590945,7.239032865209208e-05,4.989420155404682,1803,g+r,17.3364544,17.0677605,1803,0.3166504,0.3166537747273496,gaia_dr3_p1_o
chen_f686_ZTFJ193829.95+345130.9,mhls_h8,science,RRc,RRc,False,chen,0.3166504,3.1580569612417984,True,3.1580280874475166,0.31665329512893986,exact,True,2.887379428173631e-05,0.07976850623765913,9.142898508829515e-06,2762.6610295590945,7.239032865209208e-05,4.989420155404682,1803,g+r,17.3364544,17.0677605,1803,0.3166504,0.3166537747273496,gaia_dr3_p1_o
chen_f686_ZTFJ193829.95+345130.9,ce,science,RRc,RRc,False,chen,0.3166504,3.1580569612417984,True,3.1580280874475166,0.31665329512893986,exact,True,2.887379428173631e-05,0.07976850623765913,9.142898508829515e-06,2762.6610295590945,7.239032865209208e-05,4.989420155404682,1803,g+r,17.3364544,17.0677605,1803,0.3166504,0.3166537747273496,gaia_dr3_p1_o
chen_f686_ZTFJ193829.95+345130.9,ftp_mb,science,RRc,RRc,False,chen,0.3166504,3.1580569612417984,True,3.1580280874475166,0.31665329512893986,exact,True,2.887379428173631e-05,0.07976850623765913,9.142898508829515e-06,2762.6610295590945,7.239032865209208e-05,4.989420155404682,1803,g+r,17.3364544,17.0677605,1803,0.3166504,0.3166537747273496,gaia_dr3_p1_o
chen_f686_ZTFJ193938.90+333216.6,gls_1band,science,RRab,RRab,False,chen,0.5160509,1.9377933455788956,True,1.9377347587402487,0.516066502646686,exact,True,5.8586838646901285e-05,0.1622049376653504,3.0233790811888186e-05,2768.624172451906,7.22334585379948e-05,5.000317535962163,1010,r,14.9863739,14.508965,1801,0.5160509,0.5160600580566972,gaia_dr3_pf
chen_f686_ZTFJ193938.90+333216.6,ftp_1band,science,RRab,RRab,False,chen,0.5160509,1.9377933455788956,True,1.9377347587402487,0.516066502646686,exact,True,5.8586838646901285e-05,0.1622049376653504,3.0233790811888186e-05,2768.624172451906,7.22334585379948e-05,5.000317535962163,1010,r,14.9863739,14.508965,1801,0.5160509,0.5160600580566972,gaia_dr3_pf
chen_f686_ZTFJ193938.90+333216.6,mbls_h1,science,RRab,RRab,False,chen,0.5160509,1.9377933455788956,True,1.9377443173592006,0.5160639569635386,exact,True,4.902821969499094e-05,0.1354483542272218,2.5301056898997796e-05,2762.661077025812,7.239032865209208e-05,4.98942005135914,1801,g+r,14.9863739,14.508965,1801,0.5160509,0.5160600580566972,gaia_dr3_pf
chen_f686_ZTFJ193938.90+333216.6,mhls_h8,science,RRab,RRab,False,chen,0.5160509,1.9377933455788956,True,1.9377443173592006,0.5160639569635386,exact,True,4.902821969499094e-05,0.1354483542272218,2.5301056898997796e-05,2762.661077025812,7.239032865209208e-05,4.98942005135914,1801,g+r,14.9863739,14.508965,1801,0.5160509,0.5160600580566972,gaia_dr3_pf
chen_f686_ZTFJ193938.90+333216.6,ce,science,RRab,RRab,False,chen,0.5160509,1.9377933455788956,True,1.9377443173592006,0.5160639569635386,exact,True,4.902821969499094e-05,0.1354483542272218,2.5301056898997796e-05,2762.661077025812,7.239032865209208e-05,4.98942005135914,1801,g+r,14.9863739,14.508965,1801,0.5160509,0.5160600580566972,gaia_dr3_pf
chen_f686_ZTFJ193938.90+333216.6,ftp_mb,science,RRab,RRab,False,chen,0.5160509,1.9377933455788956,True,1.9377443173592006,0.5160639569635386,exact,True,4.902821969499094e-05,0.1354483542272218,2.5301056898997796e-05,2762.661077025812,7.239032865209208e-05,4.98942005135914,1801,g+r,14.9863739,14.508965,1801,0.5160509,0.5160600580566972,gaia_dr3_pf
chen_f686_ZTFJ193959.03+333556.0,gls_1band,science,RRab,RRab,True,chen,0.6508062,1.5365557365618214,True,1.5365711792932966,0.6507996593167408,exact,True,1.5442731475134863e-05,0.0424772141272594,1.0050225388952914e-05,2750.6282936832868,7.270612185546023e-05,5.0003121219924695,1004,r,14.45265485,13.9396019,1804,0.6508062,0.6507950392786517,gaia_dr3_pf
chen_f686_ZTFJ193959.03+333556.0,ftp_1band,science,RRab,RRab,True,chen,0.6508062,1.5365557365618214,True,1.5365711792932966,0.6507996593167408,exact,True,1.5442731475134863e-05,0.0424772141272594,1.0050225388952914e-05,2750.6282936832868,7.270612185546023e-05,5.0003121219924695,1004,r,14.45265485,13.9396019,1804,0.6508062,0.6507950392786517,gaia_dr3_pf
chen_f686_ZTFJ193959.03+333556.0,mbls_h1,science,RRab,RRab,True,chen,0.6508062,1.5365557365618214,True,1.5365711792932966,0.6507996593167408,exact,True,1.5442731475134863e-05,0.0424772141272594,1.0050225388952914e-05,2750.6282936832868,7.270612185546023e-05,4.978533214646079,1804,g+r,14.45265485,13.9396019,1804,0.6508062,0.6507950392786517,gaia_dr3_pf
chen_f686_ZTFJ193959.03+333556.0,mhls_h8,science,RRab,RRab,True,chen,0.6508062,1.5365557365618214,True,1.5365711792932966,0.6507996593167408,exact,True,1.5442731475134863e-05,0.0424772141272594,1.0050225388952914e-05,2750.6282936832868,7.270612185546023e-05,4.978533214646079,1804,g+r,14.45265485,13.9396019,1804,0.6508062,0.6507950392786517,gaia_dr3_pf
chen_f686_ZTFJ193959.03+333556.0,ce,science,RRab,RRab,True,chen,0.6508062,1.5365557365618214,True,1.5365711792932966,0.6507996593167408,exact,True,1.5442731475134863e-05,0.0424772141272594,1.0050225388952914e-05,2750.6282936832868,7.270612185546023e-05,4.978533214646079,1804,g+r,14.45265485,13.9396019,1804,0.6508062,0.6507950392786517,gaia_dr3_pf
chen_f686_ZTFJ193959.03+333556.0,ftp_mb,science,RRab,RRab,True,chen,0.6508062,1.5365557365618214,True,1.5365711792932966,0.6507996593167408,exact,True,1.5442731475134863e-05,0.0424772141272594,1.0050225388952914e-05,2750.6282936832868,7.270612185546023e-05,4.978533214646079,1804,g+r,14.45265485,13.9396019,1804,0.6508062,0.6507950392786517,gaia_dr3_pf
chen_f686_ZTFJ194003.35+301707.8,gls_1band,science,RRc,RRc,False,chen,0.3568413,2.802366205929639,True,2.8026219422879746,0.3568087385998379,miss,False,0.00025573635833575636,0.698329856896126,9.125729456579714e-05,2730.6631776592694,7.323861139592794e-05,5.000250529508454,911,r,14.5526505,14.250453,1648,0.3568413,0.356823186101753,gaia_dr3_p1_o
chen_f686_ZTFJ194003.35+301707.8,ftp_1band,science,RRc,RRc,False,chen,0.3568413,2.802366205929639,True,2.8026219422879746,0.3568087385998379,miss,False,0.00025573635833575636,0.698329856896126,9.125729456579714e-05,2730.6631776592694,7.323861139592794e-05,5.000250529508454,911,r,14.5526505,14.250453,1648,0.3568413,0.356823186101753,gaia_dr3_p1_o
chen_f686_ZTFJ194003.35+301707.8,mbls_h1,science,RRc,RRc,False,chen,0.3568413,2.802366205929639,True,2.80269518089937,0.3567994146545417,miss,False,0.00032897496973127716,0.8983198362167713,0.00011739185586636958,2730.6631776592694,7.323861139592794e-05,4.976368545038343,1648,g+r,14.5526505,14.250453,1648,0.3568413,0.356823186101753,gaia_dr3_p1_o
chen_f686_ZTFJ194003.35+301707.8,mhls_h8,science,RRc,RRc,False,chen,0.3568413,2.802366205929639,True,1.401347590449685,0.7135988293090834,f/2,True,1.4010186154799538,3825.709944506281,0.49994130407206683,2730.6631776592694,7.323861139592794e-05,4.976368545038343,1648,g+r,14.5526505,14.250453,1648,0.3568413,0.356823186101753,gaia_dr3_p1_o
chen_f686_ZTFJ194003.35+301707.8,ce,science,RRc,RRc,False,chen,0.3568413,2.802366205929639,True,2.8025487036765786,0.35681806303245694,exact,True,0.00018249774693979148,0.49833987757426823,6.512273326506621e-05,2730.6631776592694,7.323861139592794e-05,4.976368545038343,1648,g+r,14.5526505,14.250453,1648,0.3568413,0.356823186101753,gaia_dr3_p1_o
chen_f686_ZTFJ194003.35+301707.8,ftp_mb,science,RRc,RRc,False,chen,0.3568413,2.802366205929639,True,2.80269518089937,0.3567994146545417,miss,False,0.00032897496973127716,0.8983198362167713,0.00011739185586636958,2730.6631776592694,7.323861139592794e-05,4.976368545038343,1648,g+r,14.5526505,14.250453,1648,0.3568413,0.356823186101753,gaia_dr3_p1_o
chen_f686_ZTFJ194143.55+353253.9,gls_1band,science,RRab,RRab,False,chen,0.6455768,1.5490023805068585,True,1.5489742848887607,0.6455885096064167,exact,True,2.8095618097800923e-05,0.07778620909627035,1.8137879225600406e-05,2768.624232629314,7.22334585379948e-05,5.000317427277805,1049,r,14.4487152,13.8337088,1840,0.6455768,0.6455896817395042,gaia_dr3_pf
chen_f686_ZTFJ194143.55+353253.9,ftp_1band,science,RRab,RRab,False,chen,0.6455768,1.5490023805068585,True,1.5489742848887607,0.6455885096064167,exact,True,2.8095618097800923e-05,0.07778620909627035,1.8137879225600406e-05,2768.624232629314,7.22334585379948e-05,5.000317427277805,1049,r,14.4487152,13.8337088,1840,0.6455768,0.6455896817395042,gaia_dr3_pf
chen_f686_ZTFJ194143.55+353253.9,mbls_h1,science,RRab,RRab,False,chen,0.6455768,1.5490023805068585,True,1.548935862168814,0.6456045239986915,exact,True,6.651833804438567e-05,0.1837676286637748,4.2942695816012755e-05,2762.6611558026634,7.239032865209208e-05,4.989419942742634,1840,g+r,14.4487152,13.8337088,1840,0.6455768,0.6455896817395042,gaia_dr3_pf
chen_f686_ZTFJ194143.55+353253.9,mhls_h8,science,RRab,RRab,False,chen,0.6455768,1.5490023805068585,True,1.548935862168814,0.6456045239986915,exact,True,6.651833804438567e-05,0.1837676286637748,4.2942695816012755e-05,2762.6611558026634,7.239032865209208e-05,4.989419942742634,1840,g+r,14.4487152,13.8337088,1840,0.6455768,0.6455896817395042,gaia_dr3_pf
chen_f686_ZTFJ194143.55+353253.9,ce,science,RRab,RRab,False,chen,0.6455768,1.5490023805068585,True,1.548935862168814,0.6456045239986915,exact,True,6.651833804438567e-05,0.1837676286637748,4.2942695816012755e-05,2762.6611558026634,7.239032865209208e-05,4.989419942742634,1840,g+r,14.4487152,13.8337088,1840,0.6455768,0.6455896817395042,gaia_dr3_pf
chen_f686_ZTFJ194143.55+353253.9,ftp_mb,science,RRab,RRab,False,chen,0.6455768,1.5490023805068585,True,1.548935862168814,0.6456045239986915,exact,True,6.651833804438567e-05,0.1837676286637748,4.2942695816012755e-05,2762.6611558026634,7.239032865209208e-05,4.989419942742634,1840,g+r,14.4487152,13.8337088,1840,0.6455768,0.6455896817395042,gaia_dr3_pf
chen_f686_ZTFJ194212.82+344833.3,gls_1band,science,RRab,RRab,False,chen,0.6402505,1.5618886670139267,True,1.5619040739670615,0.6402441844332424,exact,True,1.5406953134844414e-05,0.042656064224488636,9.864309448060703e-06,2768.624260173645,7.22334585379948e-05,5.000317377530933,1033,r,16.5542698,16.0020618,1839,0.6402505,0.640224919710655,gaia_dr3_pf
chen_f686_ZTFJ194212.82+344833.3,ftp_1band,science,RRab,RRab,False,chen,0.6402505,1.5618886670139267,True,1.5619763074255997,0.6402145763965963,exact,True,8.764041167297343e-05,0.24264336992939972,5.611181739382707e-05,2768.624260173645,7.22334585379948e-05,5.000317377530933,1033,r,16.5542698,16.0020618,1839,0.6402505,0.640224919710655,gaia_dr3_pf
chen_f686_ZTFJ194212.82+344833.3,mbls_h1,science,RRab,RRab,False,chen,0.6402505,1.5618886670139267,True,1.5619661213261906,0.6402187514483015,exact,True,7.745431226391375e-05,0.21398002151506834,4.959016215412691e-05,2762.6611774172634,7.239032865209208e-05,4.989419893166053,1839,g+r,16.5542698,16.0020618,1839,0.6402505,0.640224919710655,gaia_dr3_pf
chen_f686_ZTFJ194212.82+344833.3,mhls_h8,science,RRab,RRab,False,chen,0.6402505,1.5618886670139267,True,1.5619661213261906,0.6402187514483015,exact,True,7.745431226391375e-05,0.21398002151506834,4.959016215412691e-05,2762.6611774172634,7.239032865209208e-05,4.989419893166053,1839,g+r,16.5542698,16.0020618,1839,0.6402505,0.640224919710655,gaia_dr3_pf
chen_f686_ZTFJ194212.82+344833.3,ce,science,RRab,RRab,False,chen,0.6402505,1.5618886670139267,True,1.5619661213261906,0.6402187514483015,exact,True,7.745431226391375e-05,0.21398002151506834,4.959016215412691e-05,2762.6611774172634,7.239032865209208e-05,4.989419893166053,1839,g+r,16.5542698,16.0020618,1839,0.6402505,0.640224919710655,gaia_dr3_pf
chen_f686_ZTFJ194212.82+344833.3,ftp_mb,science,RRab,RRab,False,chen,0.6402505,1.5618886670139267,True,1.5619661213261906,0.6402187514483015,exact,True,7.745431226391375e-05,0.21398002151506834,4.959016215412691e-05,2762.6611774172634,7.239032865209208e-05,4.989419893166053,1839,g+r,16.5542698,16.0020618,1839,0.6402505,0.640224919710655,gaia_dr3_pf
chen_f686_ZTFJ194248.05+333430.0,gls_1band,science,RRab,RRab,False,chen,0.4825131,2.072482591664351,True,2.072342591246183,0.4825456969441813,exact,True,0.00014000041816775166,0.3850891275457857,6.755203577141817e-05,2750.628409440629,7.270612185546023e-05,5.000311911559522,1014,r,15.746047,15.19976995,1820,0.4825131,0.4825582856043041,gaia_dr3_pf
chen_f686_ZTFJ194248.05+333430.0,ftp_1band,science,RRab,RRab,False,chen,0.4825131,2.072482591664351,True,2.072342591246183,0.4825456969441813,exact,True,0.00014000041816775166,0.3850891275457857,6.755203577141817e-05,2750.628409440629,7.270612185546023e-05,5.000311911559522,1014,r,15.746047,15.19976995,1820,0.4825131,0.4825582856043041,gaia_dr3_pf
chen_f686_ZTFJ194248.05+333430.0,mbls_h1,science,RRab,RRab,False,chen,0.4825131,2.072482591664351,True,2.072342591246183,0.4825456969441813,exact,True,0.00014000041816775166,0.3850891275457857,6.755203577141817e-05,2750.628409440629,7.270612185546023e-05,4.9785330098142415,1820,g+r,15.746047,15.19976995,1820,0.4825131,0.4825582856043041,gaia_dr3_pf
chen_f686_ZTFJ194248.05+333430.0,mhls_h8,science,RRab,RRab,False,chen,0.4825131,2.072482591664351,True,2.072342591246183,0.4825456969441813,exact,True,0.00014000041816775166,0.3850891275457857,6.755203577141817e-05,2750.628409440629,7.270612185546023e-05,4.9785330098142415,1820,g+r,15.746047,15.19976995,1820,0.4825131,0.4825582856043041,gaia_dr3_pf
chen_f686_ZTFJ194248.05+333430.0,ce,science,RRab,RRab,False,chen,0.4825131,2.072482591664351,True,2.072342591246183,0.4825456969441813,exact,True,0.00014000041816775166,0.3850891275457857,6.755203577141817e-05,2750.628409440629,7.270612185546023e-05,4.9785330098142415,1820,g+r,15.746047,15.19976995,1820,0.4825131,0.4825582856043041,gaia_dr3_pf
chen_f686_ZTFJ194248.05+333430.0,ftp_mb,science,RRab,RRab,False,chen,0.4825131,2.072482591664351,True,2.072342591246183,0.4825456969441813,exact,True,0.00014000041816775166,0.3850891275457857,6.755203577141817e-05,2750.628409440629,7.270612185546023e-05,4.9785330098142415,1820,g+r,15.746047,15.19976995,1820,0.4825131,0.4825582856043041,gaia_dr3_pf
chen_f686_ZTFJ194304.41+344437.1,gls_1band,science,RRc,RRc,False,chen,0.3174614,3.1499892585366283,True,3.1500288933834155,0.31745740558141666,exact,True,3.9634846787262035e-05,0.10973399972179734,1.2582533949869708e-05,2768.624294444453,7.22334585379948e-05,5.000317315635602,1031,r,14.445975749999999,14.1584616,1837,0.3174614,0.31746304113177687,gaia_dr3_p1_o
chen_f686_ZTFJ194304.41+344437.1,ftp_1band,science,RRc,RRc,False,chen,0.3174614,3.1499892585366283,True,3.1500288933834155,0.31745740558141666,exact,True,3.9634846787262035e-05,0.10973399972179734,1.2582533949869708e-05,2768.624294444453,7.22334585379948e-05,5.000317315635602,1031,r,14.445975749999999,14.1584616,1837,0.3174614,0.31746304113177687,gaia_dr3_p1_o
chen_f686_ZTFJ194304.41+344437.1,mbls_h1,science,RRc,RRc,False,chen,0.3174614,3.1499892585366283,True,3.1499927609671348,0.3174610470193501,exact,True,3.502430506507892e-06,0.009676028907303227,1.1118864919987045e-06,2762.6612117853947,7.239032865209208e-05,4.98941983141393,1837,g+r,14.445975749999999,14.1584616,1837,0.3174614,0.31746304113177687,gaia_dr3_p1_o
chen_f686_ZTFJ194304.41+344437.1,mhls_h8,science,RRc,RRc,False,chen,0.3174614,3.1499892585366283,True,3.1499927609671348,0.3174610470193501,exact,True,3.502430506507892e-06,0.009676028907303227,1.1118864919987045e-06,2762.6612117853947,7.239032865209208e-05,4.98941983141393,1837,g+r,14.445975749999999,14.1584616,1837,0.3174614,0.31746304113177687,gaia_dr3_p1_o
chen_f686_ZTFJ194304.41+344437.1,ce,science,RRc,RRc,False,chen,0.3174614,3.1499892585366283,True,3.1499927609671348,0.3174610470193501,exact,True,3.502430506507892e-06,0.009676028907303227,1.1118864919987045e-06,2762.6612117853947,7.239032865209208e-05,4.98941983141393,1837,g+r,14.445975749999999,14.1584616,1837,0.3174614,0.31746304113177687,gaia_dr3_p1_o
chen_f686_ZTFJ194304.41+344437.1,ftp_mb,science,RRc,RRc,False,chen,0.3174614,3.1499892585366283,True,3.1499927609671348,0.3174610470193501,exact,True,3.502430506507892e-06,0.009676028907303227,1.1118864919987045e-06,2762.6612117853947,7.239032865209208e-05,4.98941983141393,1837,g+r,14.445975749999999,14.1584616,1837,0.3174614,0.31746304113177687,gaia_dr3_p1_o
chen_f686_ZTFJ194702.33+311521.0,gls_1band,science,RRab,,False,chen,0.6590951,1.5172317318092639,True,1.517082449337918,0.6591599556348555,exact,True,0.00014928247134582406,0.4080915470155305,9.839134537992305e-05,2733.6869716616347,7.315824127587973e-05,5.000206732408532,1025,r,16.607929249999998,15.5564995,1793,0.6590951,nan,
chen_f686_ZTFJ194702.33+311521.0,ftp_1band,science,RRab,,False,chen,0.6590951,1.5172317318092639,True,1.517082449337918,0.6591599556348555,exact,True,0.00014928247134582406,0.4080915470155305,9.839134537992305e-05,2733.6869716616347,7.315824127587973e-05,5.000206732408532,1025,r,16.607929249999998,15.5564995,1793,0.6590951,nan,
chen_f686_ZTFJ194702.33+311521.0,mbls_h1,science,RRab,,False,chen,0.6590951,1.5172317318092639,True,1.517082449337918,0.6591599556348555,exact,True,0.00014928247134582406,0.4080915470155305,9.839134537992305e-05,2733.6869716616347,7.315824127587973e-05,4.970969356043774,1793,g+r,16.607929249999998,15.5564995,1793,0.6590951,nan,
chen_f686_ZTFJ194702.33+311521.0,mhls_h8,science,RRab,,False,chen,0.6590951,1.5172317318092639,True,1.517082449337918,0.6591599556348555,exact,True,0.00014928247134582406,0.4080915470155305,9.839134537992305e-05,2733.6869716616347,7.315824127587973e-05,4.970969356043774,1793,g+r,16.607929249999998,15.5564995,1793,0.6590951,nan,
chen_f686_ZTFJ194702.33+311521.0,ce,science,RRab,,False,chen,0.6590951,1.5172317318092639,True,1.517082449337918,0.6591599556348555,exact,True,0.00014928247134582406,0.4080915470155305,9.839134537992305e-05,2733.6869716616347,7.315824127587973e-05,4.970969356043774,1793,g+r,16.607929249999998,15.5564995,1793,0.6590951,nan,
chen_f686_ZTFJ194702.33+311521.0,ftp_mb,science,RRab,,False,chen,0.6590951,1.5172317318092639,True,1.517082449337918,0.6591599556348555,exact,True,0.00014928247134582406,0.4080915470155305,9.839134537992305e-05,2733.6869716616347,7.315824127587973e-05,4.970969356043774,1793,g+r,16.607929249999998,15.5564995,1793,0.6590951,nan,
chen_f686_ZTFJ194708.10+363849.5,gls_1band,science,RRc,RRc,False,chen,0.222421,4.495978347368279,True,4.496099393238948,0.2224150118886961,exact,True,0.00012104587066907868,0.3351305540349402,2.692314360008715e-05,2768.624424629379,7.22334585379948e-05,5.000317080513086,1043,r,15.8544931,15.3169184,1832,0.222421,0.22241637890861812,gaia_dr3_p1_o
chen_f686_ZTFJ194708.10+363849.5,ftp_1band,science,RRc,RRc,False,chen,0.222421,4.495978347368279,True,4.496099393238948,0.2224150118886961,exact,True,0.00012104587066907868,0.3351305540349402,2.692314360008715e-05,2768.624424629379,7.22334585379948e-05,5.000317080513086,1043,r,15.8544931,15.3169184,1832,0.222421,0.22241637890861812,gaia_dr3_p1_o
chen_f686_ZTFJ194708.10+363849.5,mbls_h1,science,RRc,RRc,False,chen,0.222421,4.495978347368279,True,4.496090922252787,0.22241543093593522,exact,True,0.00011257488450766573,0.31100628368800043,2.503901838707952e-05,2762.661361352075,7.239032865209208e-05,4.989419596638902,1832,g+r,15.8544931,15.3169184,1832,0.222421,0.22241637890861812,gaia_dr3_p1_o
chen_f686_ZTFJ194708.10+363849.5,mhls_h8,science,RRc,RRc,False,chen,0.222421,4.495978347368279,True,4.496090922252787,0.22241543093593522,exact,True,0.00011257488450766573,0.31100628368800043,2.503901838707952e-05,2762.661361352075,7.239032865209208e-05,4.989419596638902,1832,g+r,15.8544931,15.3169184,1832,0.222421,0.22241637890861812,gaia_dr3_p1_o
chen_f686_ZTFJ194708.10+363849.5,ce,science,RRc,RRc,False,chen,0.222421,4.495978347368279,True,4.496090922252787,0.22241543093593522,exact,True,0.00011257488450766573,0.31100628368800043,2.503901838707952e-05,2762.661361352075,7.239032865209208e-05,4.989419596638902,1832,g+r,15.8544931,15.3169184,1832,0.222421,0.22241637890861812,gaia_dr3_p1_o
chen_f686_ZTFJ194708.10+363849.5,ftp_mb,science,RRc,RRc,False,chen,0.222421,4.495978347368279,True,4.496090922252787,0.22241543093593522,exact,True,0.00011257488450766573,0.31100628368800043,2.503901838707952e-05,2762.661361352075,7.239032865209208e-05,4.989419596638902,1832,g+r,15.8544931,15.3169184,1832,0.222421,0.22241637890861812,gaia_dr3_p1_o
chen_f686_ZTFJ194813.09+322759.9,gls_1band,science,RRc,,False,chen,0.384763,2.59900250283941,True,2.5990189618566513,0.3847605633802817,exact,True,1.6459017241121643e-05,0.044960502059436046,6.332820850745687e-06,2731.66382905934,7.321180174244088e-05,5.000249245421804,975,r,17.1682091,16.3961582,1764,0.384763,nan,
chen_f686_ZTFJ194813.09+322759.9,ftp_1band,science,RRc,,False,chen,0.384763,2.59900250283941,True,2.5990189618566513,0.3847605633802817,exact,True,1.6459017241121643e-05,0.044960502059436046,6.332820850745687e-06,2731.66382905934,7.321180174244088e-05,5.000249245421804,975,r,17.1682091,16.3961582,1764,0.384763,nan,
chen_f686_ZTFJ194813.09+322759.9,mbls_h1,science,RRc,,False,chen,0.384763,2.59900250283941,True,2.5990189618566513,0.3847605633802817,exact,True,1.6459017241121643e-05,0.044960502059436046,6.332820850745687e-06,2731.66382905934,7.321180174244088e-05,4.9800057148891455,1764,g+r,17.1682091,16.3961582,1764,0.384763,nan,
chen_f686_ZTFJ194813.09+322759.9,mhls_h8,science,RRc,,False,chen,0.384763,2.59900250283941,True,1.2995094809283256,0.7695211267605634,f/2,True,1.2994930219110845,3549.778084069526,0.49999683358957464,2731.66382905934,7.321180174244088e-05,4.9800057148891455,1764,g+r,17.1682091,16.3961582,1764,0.384763,nan,
chen_f686_ZTFJ194813.09+322759.9,ce,science,RRc,,False,chen,0.384763,2.59900250283941,True,2.5990189618566513,0.3847605633802817,exact,True,1.6459017241121643e-05,0.044960502059436046,6.332820850745687e-06,2731.66382905934,7.321180174244088e-05,4.9800057148891455,1764,g+r,17.1682091,16.3961582,1764,0.384763,nan,
chen_f686_ZTFJ194813.09+322759.9,ftp_mb,science,RRc,,False,chen,0.384763,2.59900250283941,True,2.5990189618566513,0.3847605633802817,exact,True,1.6459017241121643e-05,0.044960502059436046,6.332820850745687e-06,2731.66382905934,7.321180174244088e-05,4.9800057148891455,1764,g+r,17.1682091,16.3961582,1764,0.384763,nan,
chen_f686_ZTFJ195144.35+305335.1,gls_1band,science,RRab,RRab,True,chen,0.5530223,1.8082453456216867,True,1.8081910762693236,0.5530388978930308,exact,True,5.426935236307884e-05,0.14813707760067688,3.001216206334029e-05,2729.6636342662387,7.326544069162575e-05,5.000249784867354,997,r,14.887615199999999,14.0327663,1755,0.5530223,0.5530320351857785,gaia_dr3_pf
chen_f686_ZTFJ195144.35+305335.1,ftp_1band,science,RRab,RRab,True,chen,0.5530223,1.8082453456216867,True,1.8081910762693236,0.5530388978930308,exact,True,5.426935236307884e-05,0.14813707760067688,3.001216206334029e-05,2729.6636342662387,7.326544069162575e-05,5.000249784867354,997,r,14.887615199999999,14.0327663,1755,0.5530223,0.5530320351857785,gaia_dr3_pf
chen_f686_ZTFJ195144.35+305335.1,mbls_h1,science,RRab,RRab,True,chen,0.5530223,1.8082453456216867,True,1.8081910762693236,0.5530388978930308,exact,True,5.426935236307884e-05,0.14813707760067688,3.001216206334029e-05,2729.6636342662387,7.326544069162575e-05,4.974545402649403,1755,g+r,14.887615199999999,14.0327663,1755,0.5530223,0.5530320351857785,gaia_dr3_pf
chen_f686_ZTFJ195144.35+305335.1,mhls_h8,science,RRab,RRab,True,chen,0.5530223,1.8082453456216867,True,1.8081910762693236,0.5530388978930308,exact,True,5.426935236307884e-05,0.14813707760067688,3.001216206334029e-05,2729.6636342662387,7.326544069162575e-05,4.974545402649403,1755,g+r,14.887615199999999,14.0327663,1755,0.5530223,0.5530320351857785,gaia_dr3_pf
chen_f686_ZTFJ195144.35+305335.1,ce,science,RRab,RRab,True,chen,0.5530223,1.8082453456216867,True,1.8081910762693236,0.5530388978930308,exact,True,5.426935236307884e-05,0.14813707760067688,3.001216206334029e-05,2729.6636342662387,7.326544069162575e-05,4.974545402649403,1755,g+r,14.887615199999999,14.0327663,1755,0.5530223,0.5530320351857785,gaia_dr3_pf
chen_f686_ZTFJ195144.35+305335.1,ftp_mb,science,RRab,RRab,True,chen,0.5530223,1.8082453456216867,True,1.8081910762693236,0.5530388978930308,exact,True,5.426935236307884e-05,0.14813707760067688,3.001216206334029e-05,2729.6636342662387,7.326544069162575e-05,4.974545402649403,1755,g+r,14.887615199999999,14.0327663,1755,0.5530223,0.5530320351857785,gaia_dr3_pf
chen_f686_ZTFJ195904.82+363610.3,gls_1band,science,RRc,RRc,False,chen,0.2862044,3.494006381453255,True,3.494004622941347,0.2862045440449856,exact,True,1.7585119080898437e-06,0.004868659811278619,5.032938455477089e-07,2768.6248747482896,7.22334585379948e-05,5.000316267568979,1005,r,16.966114,16.4642754,1786,0.2862044,0.2862040222175967,gaia_dr3_p1_o
chen_f686_ZTFJ195904.82+363610.3,ftp_1band,science,RRc,RRc,False,chen,0.2862044,3.494006381453255,True,3.494004622941347,0.2862045440449856,exact,True,1.7585119080898437e-06,0.004868659811278619,5.032938455477089e-07,2768.6248747482896,7.22334585379948e-05,5.000316267568979,1005,r,16.966114,16.4642754,1786,0.2862044,0.2862040222175967,gaia_dr3_p1_o
chen_f686_ZTFJ195904.82+363610.3,mbls_h1,science,RRc,RRc,False,chen,0.2862044,3.494006381453255,True,3.494063993050528,0.28619968094143,exact,True,5.761159727324383e-05,0.1591613602291811,1.6488692630630386e-05,2762.661820922978,7.239032865209208e-05,4.9894187854798915,1786,g+r,16.966114,16.4642754,1786,0.2862044,0.2862040222175967,gaia_dr3_p1_o
chen_f686_ZTFJ195904.82+363610.3,mhls_h8,science,RRc,RRc,False,chen,0.2862044,3.494006381453255,True,1.1646879976835094,0.85859904282429,miss,False,2.3293183837697455,6435.118967614694,0.6666611704357898,2762.661820922978,7.239032865209208e-05,4.9894187854798915,1786,g+r,16.966114,16.4642754,1786,0.2862044,0.2862040222175967,gaia_dr3_p1_o
chen_f686_ZTFJ195904.82+363610.3,ce,science,RRc,RRc,False,chen,0.2862044,3.494006381453255,True,3.494063993050528,0.28619968094143,exact,True,5.761159727324383e-05,0.1591613602291811,1.6488692630630386e-05,2762.661820922978,7.239032865209208e-05,4.9894187854798915,1786,g+r,16.966114,16.4642754,1786,0.2862044,0.2862040222175967,gaia_dr3_p1_o
chen_f686_ZTFJ195904.82+363610.3,ftp_mb,science,RRc,RRc,False,chen,0.2862044,3.494006381453255,True,3.494063993050528,0.28619968094143,exact,True,5.761159727324383e-05,0.1591613602291811,1.6488692630630386e-05,2762.661820922978,7.239032865209208e-05,4.9894187854798915,1786,g+r,16.966114,16.4642754,1786,0.2862044,0.2862040222175967,gaia_dr3_p1_o
chen_f686_ZTFJ195948.02+304951.8,gls_1band,science,RRc,RRc,False,chen,0.2172908,4.602127655657764,True,4.60200668896321,0.217296511627907,exact,True,0.00012096669455363696,0.3327345084624751,2.6284949832915416e-05,2750.629085883964,7.270612185546023e-05,5.000310681867129,1034,r,17.5394592,16.493867899999998,1829,0.2172908,0.21729425306966108,gaia_dr3_p1_o
chen_f686_ZTFJ195948.02+304951.8,ftp_1band,science,RRc,RRc,False,chen,0.2172908,4.602127655657764,True,4.60200668896321,0.217296511627907,exact,True,0.00012096669455363696,0.3327345084624751,2.6284949832915416e-05,2750.629085883964,7.270612185546023e-05,5.000310681867129,1034,r,17.5394592,16.493867899999998,1829,0.2172908,0.21729425306966108,gaia_dr3_p1_o
chen_f686_ZTFJ195948.02+304951.8,mbls_h1,science,RRc,RRc,False,chen,0.2172908,4.602127655657764,True,4.60200668896321,0.217296511627907,exact,True,0.00012096669455363696,0.3327345084624751,2.6284949832915416e-05,2750.629085883964,7.270612185546023e-05,4.978531741362173,1829,g+r,17.5394592,16.493867899999998,1829,0.2172908,0.21729425306966108,gaia_dr3_p1_o
chen_f686_ZTFJ195948.02+304951.8,mhls_h8,science,RRc,RRc,False,chen,0.2172908,4.602127655657764,True,1.1505016722408026,0.869186046511628,miss,False,3.451625983416961,9494.142823579534,0.7500065712374582,2750.629085883964,7.270612185546023e-05,4.978531741362173,1829,g+r,17.5394592,16.493867899999998,1829,0.2172908,0.21729425306966108,gaia_dr3_p1_o
chen_f686_ZTFJ195948.02+304951.8,ce,science,RRc,RRc,False,chen,0.2172908,4.602127655657764,True,4.602079395085066,0.21729307866091602,exact,True,4.826057269813333e-05,0.13274693496490306,1.048657845003555e-05,2750.629085883964,7.270612185546023e-05,4.978531741362173,1829,g+r,17.5394592,16.493867899999998,1829,0.2172908,0.21729425306966108,gaia_dr3_p1_o
chen_f686_ZTFJ195948.02+304951.8,ftp_mb,science,RRc,RRc,False,chen,0.2172908,4.602127655657764,True,4.60200668896321,0.217296511627907,exact,True,0.00012096669455363696,0.3327345084624751,2.6284949832915416e-05,2750.629085883964,7.270612185546023e-05,4.978531741362173,1829,g+r,17.5394592,16.493867899999998,1829,0.2172908,0.21729425306966108,gaia_dr3_p1_o
chen_f686_ZTFJ200017.37+343215.1,gls_1band,science,RRab,RRab,False,chen,0.4961557,2.0154963451997023,True,2.015385726668593,0.49618293251137946,exact,True,0.00011061853110927444,0.30626122655883037,5.488401473549384e-05,2768.6249626320787,7.22334585379948e-05,5.000316108845156,1064,r,16.7285881,15.619426749999999,1869,0.4961557,0.4961425492517094,gaia_dr3_pf
chen_f686_ZTFJ200017.37+343215.1,ftp_1band,science,RRab,RRab,False,chen,0.4961557,2.0154963451997023,True,2.015313493210055,0.49620071684587813,miss,False,0.00018285198964740346,0.5062485830047436,9.072305691990022e-05,2768.6249626320787,7.22334585379948e-05,5.000316108845156,1064,r,16.7285881,15.619426749999999,1869,0.4961557,0.4961425492517094,gaia_dr3_pf
chen_f686_ZTFJ200017.37+343215.1,mbls_h1,science,RRab,RRab,False,chen,0.4961557,2.0154963451997023,True,2.015352306466797,0.49619116061803814,exact,True,0.00014403873290547153,0.39778625464660033,7.146563835182727e-05,2761.661718502175,7.241653993772178e-05,4.987612699016662,1869,g+r,16.7285881,15.619426749999999,1869,0.4961557,0.4961425492517094,gaia_dr3_pf
chen_f686_ZTFJ200017.37+343215.1,mhls_h8,science,RRab,RRab,False,chen,0.4961557,2.0154963451997023,True,2.015352306466797,0.49619116061803814,exact,True,0.00014403873290547153,0.39778625464660033,7.146563835182727e-05,2761.661718502175,7.241653993772178e-05,4.987612699016662,1869,g+r,16.7285881,15.619426749999999,1869,0.4961557,0.4961425492517094,gaia_dr3_pf
chen_f686_ZTFJ200017.37+343215.1,ce,science,RRab,RRab,False,chen,0.4961557,2.0154963451997023,True,2.015352306466797,0.49619116061803814,exact,True,0.00014403873290547153,0.39778625464660033,7.146563835182727e-05,2761.661718502175,7.241653993772178e-05,4.987612699016662,1869,g+r,16.7285881,15.619426749999999,1869,0.4961557,0.4961425492517094,gaia_dr3_pf
chen_f686_ZTFJ200017.37+343215.1,ftp_mb,science,RRab,RRab,False,chen,0.4961557,2.0154963451997023,True,2.015352306466797,0.49619116061803814,exact,True,0.00014403873290547153,0.39778625464660033,7.146563835182727e-05,2761.661718502175,7.241653993772178e-05,4.987612699016662,1869,g+r,16.7285881,15.619426749999999,1869,0.4961557,0.4961425492517094,gaia_dr3_pf
chen_f686_ZTFJ200034.85+303459.6,gls_1band,science,RRab,RRab,False,chen,0.5760541,1.7359480646001826,True,1.7359313654209685,0.5760596414809851,exact,True,1.6699179214096915e-05,0.04593324856970835,9.619630652915305e-06,2750.6291166055016,7.270612185546023e-05,5.000310626019092,1032,r,17.36487675,16.1499958,1826,0.5760541,0.5760658983653423,gaia_dr3_pf
chen_f686_ZTFJ200034.85+303459.6,ftp_1band,science,RRab,RRab,False,chen,0.5760541,1.7359480646001826,True,1.7359313654209685,0.5760596414809851,exact,True,1.6699179214096915e-05,0.04593324856970835,9.619630652915305e-06,2750.6291166055016,7.270612185546023e-05,5.000310626019092,1032,r,17.36487675,16.1499958,1826,0.5760541,0.5760658983653423,gaia_dr3_pf
chen_f686_ZTFJ200034.85+303459.6,mbls_h1,science,RRab,RRab,False,chen,0.5760541,1.7359480646001826,True,1.7359313654209685,0.5760596414809851,exact,True,1.6699179214096915e-05,0.04593324856970835,9.619630652915305e-06,2750.6291166055016,7.270612185546023e-05,4.978531680504767,1826,g+r,17.36487675,16.1499958,1826,0.5760541,0.5760658983653423,gaia_dr3_pf
chen_f686_ZTFJ200034.85+303459.6,mhls_h8,science,RRab,RRab,False,chen,0.5760541,1.7359480646001826,True,1.7359313654209685,0.5760596414809851,exact,True,1.6699179214096915e-05,0.04593324856970835,9.619630652915305e-06,2750.6291166055016,7.270612185546023e-05,4.978531680504767,1826,g+r,17.36487675,16.1499958,1826,0.5760541,0.5760658983653423,gaia_dr3_pf
chen_f686_ZTFJ200034.85+303459.6,ce,science,RRab,RRab,False,chen,0.5760541,1.7359480646001826,True,1.7359313654209685,0.5760596414809851,exact,True,1.6699179214096915e-05,0.04593324856970835,9.619630652915305e-06,2750.6291166055016,7.270612185546023e-05,4.978531680504767,1826,g+r,17.36487675,16.1499958,1826,0.5760541,0.5760658983653423,gaia_dr3_pf
chen_f686_ZTFJ200034.85+303459.6,ftp_mb,science,RRab,RRab,False,chen,0.5760541,1.7359480646001826,True,1.7359313654209685,0.5760596414809851,exact,True,1.6699179214096915e-05,0.04593324856970835,9.619630652915305e-06,2750.6291166055016,7.270612185546023e-05,4.978531680504767,1826,g+r,17.36487675,16.1499958,1826,0.5760541,0.5760658983653423,gaia_dr3_pf
chen_f686_ZTFJ200132.73+340521.1,gls_1band,science,RRc,RRc,False,chen,0.3234694,3.091482532814541,True,3.0915197919676394,0.3234655015304096,exact,True,3.7259153098379016e-05,0.10315662347639971,1.2052195897240802e-05,2768.6250195764005,7.22334585379948e-05,5.000316006000022,955,r,16.561162,15.6553783,1761,0.3234694,0.32345645633071,gaia_dr3_p1_o
chen_f686_ZTFJ200132.73+340521.1,ftp_1band,science,RRc,RRc,False,chen,0.3234694,3.091482532814541,True,3.0915197919676394,0.3234655015304096,exact,True,3.7259153098379016e-05,0.10315662347639971,1.2052195897240802e-05,2768.6250195764005,7.22334585379948e-05,5.000316006000022,955,r,16.561162,15.6553783,1761,0.3234694,0.32345645633071,gaia_dr3_p1_o
chen_f686_ZTFJ200132.73+340521.1,mbls_h1,science,RRc,RRc,False,chen,0.3234694,3.091482532814541,True,3.0915345064812803,0.32346396195919513,exact,True,5.197366673925785e-05,0.143533688606459,1.6811890795947696e-05,2761.661772422958,7.241653993772178e-05,4.987612596474345,1761,g+r,16.561162,15.6553783,1761,0.3234694,0.32345645633071,gaia_dr3_p1_o
chen_f686_ZTFJ200132.73+340521.1,mhls_h8,science,RRc,RRc,False,chen,0.3234694,3.091482532814541,True,3.0915345064812803,0.32346396195919513,exact,True,5.197366673925785e-05,0.143533688606459,1.6811890795947696e-05,2761.661772422958,7.241653993772178e-05,4.987612596474345,1761,g+r,16.561162,15.6553783,1761,0.3234694,0.32345645633071,gaia_dr3_p1_o
chen_f686_ZTFJ200132.73+340521.1,ce,science,RRc,RRc,False,chen,0.3234694,3.091482532814541,True,3.0915345064812803,0.32346396195919513,exact,True,5.197366673925785e-05,0.143533688606459,1.6811890795947696e-05,2761.661772422958,7.241653993772178e-05,4.987612596474345,1761,g+r,16.561162,15.6553783,1761,0.3234694,0.32345645633071,gaia_dr3_p1_o
chen_f686_ZTFJ200132.73+340521.1,ftp_mb,science,RRc,RRc,False,chen,0.3234694,3.091482532814541,True,3.0915345064812803,0.32346396195919513,exact,True,5.197366673925785e-05,0.143533688606459,1.6811890795947696e-05,2761.661772422958,7.241653993772178e-05,4.987612596474345,1761,g+r,16.561162,15.6553783,1761,0.3234694,0.32345645633071,gaia_dr3_p1_o
gaia_f686_2033031810522004096,gls_1band,control_antijoin,RRab,RRab,False,gaia,0.48479715708740306,2.0627183666007185,True,2.06264023934181,0.484815519898468,exact,True,7.812725890854466e-05,0.16712190042044153,3.7875873009893935e-05,2139.098475425504,9.349289454001496e-05,5.000237306920795,58,r,16.4374008,15.6210804,113,nan,0.48479715708740306,gaia_dr3_pf
gaia_f686_2033031810522004096,ftp_1band,control_antijoin,RRab,RRab,False,gaia,0.48479715708740306,2.0627183666007185,True,2.06264023934181,0.484815519898468,exact,True,7.812725890854466e-05,0.16712190042044153,3.7875873009893935e-05,2139.098475425504,9.349289454001496e-05,5.000237306920795,58,r,16.4374008,15.6210804,113,nan,0.48479715708740306,gaia_dr3_pf
gaia_f686_2033031810522004096,mbls_h1,control_antijoin,RRab,RRab,False,gaia,0.48479715708740306,2.0627183666007185,True,2.0625196027182437,0.4848438767234387,exact,True,0.00019876388247475063,0.38020713082928925,9.63601651554138e-05,1912.85824212851,0.00010454783063251438,4.47150989535316,113,g+r,16.4374008,15.6210804,113,nan,0.48479715708740306,gaia_dr3_pf
gaia_f686_2033031810522004096,mhls_h8,control_antijoin,RRab,RRab,False,gaia,0.48479715708740306,2.0627183666007185,True,2.062624150548876,0.48481930153581027,exact,True,9.421605184245507e-05,0.18022195130764718,4.56756740852216e-05,1912.85824212851,0.00010454783063251438,4.47150989535316,113,g+r,16.4374008,15.6210804,113,nan,0.48479715708740306,gaia_dr3_pf
gaia_f686_2033031810522004096,ce,control_antijoin,RRab,RRab,False,gaia,0.48479715708740306,2.0627183666007185,True,2.062624150548876,0.48481930153581027,exact,True,9.421605184245507e-05,0.18022195130764718,4.56756740852216e-05,1912.85824212851,0.00010454783063251438,4.47150989535316,113,g+r,16.4374008,15.6210804,113,nan,0.48479715708740306,gaia_dr3_pf
gaia_f686_2033031810522004096,ftp_mb,control_antijoin,RRab,RRab,False,gaia,0.48479715708740306,2.0627183666007185,True,2.062624150548876,0.48481930153581027,exact,True,9.421605184245507e-05,0.18022195130764718,4.56756740852216e-05,1912.85824212851,0.00010454783063251438,4.47150989535316,113,g+r,16.4374008,15.6210804,113,nan,0.48479715708740306,gaia_dr3_pf
gaia_f686_2033046275972983040,gls_1band,control_antijoin,RRab,RRab,False,gaia,0.6317552710999964,1.5828914229062547,True,1.5829281974569933,0.6317405941763629,exact,True,3.6774550738583045e-05,0.07866438580555221,2.3232516271434105e-05,2139.0984859270975,9.349289454001496e-05,5.000237282372856,58,r,15.4352846,15.18056585,113,nan,0.6317552710999964,gaia_dr3_pf
gaia_f686_2033046275972983040,ftp_1band,control_antijoin,RRab,RRab,False,gaia,0.6317552710999964,1.5828914229062547,True,1.5829281974569933,0.6317405941763629,exact,True,3.6774550738583045e-05,0.07866438580555221,2.3232516271434105e-05,2139.0984859270975,9.349289454001496e-05,5.000237282372856,58,r,15.4352846,15.18056585,113,nan,0.6317552710999964,gaia_dr3_pf
gaia_f686_2033046275972983040,mbls_h1,control_antijoin,RRab,RRab,False,gaia,0.6317552710999964,1.5828914229062547,True,2.585572399372713,0.38676155432453196,miss,False,1.0026809764664584,1917.9865378906488,0.6334489921143766,1912.8582100458443,0.00010454783063251438,4.471509873400931,113,g+r,15.4352846,15.18056585,113,nan,0.6317552710999964,gaia_dr3_pf
gaia_f686_2033046275972983040,mhls_h8,control_antijoin,RRab,RRab,False,gaia,0.6317552710999964,1.5828914229062547,True,1.5829587036069002,0.6317284195231491,exact,True,6.728070064543346e-05,0.12869844060725413,4.2504937276053514e-05,1912.8582100458443,0.00010454783063251438,4.471509873400931,113,g+r,15.4352846,15.18056585,113,nan,0.6317552710999964,gaia_dr3_pf
gaia_f686_2033046275972983040,ce,control_antijoin,RRab,RRab,False,gaia,0.6317552710999964,1.5828914229062547,True,1.5829587036069002,0.6317284195231491,exact,True,6.728070064543346e-05,0.12869844060725413,4.2504937276053514e-05,1912.8582100458443,0.00010454783063251438,4.471509873400931,113,g+r,15.4352846,15.18056585,113,nan,0.6317552710999964,gaia_dr3_pf
gaia_f686_2033046275972983040,ftp_mb,control_antijoin,RRab,RRab,False,gaia,0.6317552710999964,1.5828914229062547,True,1.5829587036069002,0.6317284195231491,exact,True,6.728070064543346e-05,0.12869844060725413,4.2504937276053514e-05,1912.8582100458443,0.00010454783063251438,4.471509873400931,113,g+r,15.4352846,15.18056585,113,nan,0.6317552710999964,gaia_dr3_pf
gaia_f686_2034389191980002688,gls_1band,control_antijoin,RRab,RRab,False,gaia,0.5769163139077633,1.7333536526753146,True,1.733407640085115,0.5768983457064359,exact,True,5.3987409800448916e-05,0.1065596890571354,3.114621745950285e-05,1973.787767388858,0.0001013273887931908,5.000030987655674,60,r,16.4766731,15.493576050000001,111,nan,0.5769163139077633,gaia_dr3_pf
gaia_f686_2034389191980002688,ftp_1band,control_antijoin,RRab,RRab,False,gaia,0.5769163139077633,1.7333536526753146,True,1.733407640085115,0.5768983457064359,exact,True,5.3987409800448916e-05,0.1065596890571354,3.114621745950285e-05,1973.787767388858,0.0001013273887931908,5.000030987655674,60,r,16.4766731,15.493576050000001,111,nan,0.5769163139077633,gaia_dr3_pf
gaia_f686_2034389191980002688,mbls_h1,control_antijoin,RRab,RRab,False,gaia,0.5769163139077633,1.7333536526753146,True,1.733407448582546,0.5768984094407388,exact,True,5.379590723131322e-05,0.0967752298616986,3.103573650321322e-05,1798.9329456901178,0.00011117287381878821,4.557227554358374,111,g+r,16.4766731,15.493576050000001,111,nan,0.5769163139077633,gaia_dr3_pf
gaia_f686_2034389191980002688,mhls_h8,control_antijoin,RRab,RRab,False,gaia,0.5769163139077633,1.7333536526753146,True,1.733407448582546,0.5768984094407388,exact,True,5.379590723131322e-05,0.0967752298616986,3.103573650321322e-05,1798.9329456901178,0.00011117287381878821,4.557227554358374,111,g+r,16.4766731,15.493576050000001,111,nan,0.5769163139077633,gaia_dr3_pf
gaia_f686_2034389191980002688,ce,control_antijoin,RRab,RRab,False,gaia,0.5769163139077633,1.7333536526753146,True,1.733407448582546,0.5768984094407388,exact,True,5.379590723131322e-05,0.0967752298616986,3.103573650321322e-05,1798.9329456901178,0.00011117287381878821,4.557227554358374,111,g+r,16.4766731,15.493576050000001,111,nan,0.5769163139077633,gaia_dr3_pf
gaia_f686_2034389191980002688,ftp_mb,control_antijoin,RRab,RRab,False,gaia,0.5769163139077633,1.7333536526753146,True,1.733407448582546,0.5768984094407388,exact,True,5.379590723131322e-05,0.0967752298616986,3.103573650321322e-05,1798.9329456901178,0.00011117287381878821,4.557227554358374,111,g+r,16.4766731,15.493576050000001,111,nan,0.5769163139077633,gaia_dr3_pf
gaia_f686_2035406446387785088,gls_1band,control_orig,RRab,RRab,False,gaia,0.334337151558744,2.990992760863721,True,2.990981862397406,0.3343383698082526,exact,True,1.0898466314746003e-05,0.021511257287230585,3.6437621840311007e-06,1973.7875647810288,0.0001013273887931908,5.000031500905146,60,r,14.50944755,13.8112602,116,nan,0.334337151558744,gaia_dr3_pf
gaia_f686_2035406446387785088,ftp_1band,control_orig,RRab,RRab,False,gaia,0.334337151558744,2.990992760863721,True,2.990981862397406,0.3343383698082526,exact,True,1.0898466314746003e-05,0.021511257287230585,3.6437621840311007e-06,1973.7875647810288,0.0001013273887931908,5.000031500905146,60,r,14.50944755,13.8112602,116,nan,0.334337151558744,gaia_dr3_pf
gaia_f686_2035406446387785088,mbls_h1,control_orig,RRab,RRab,False,gaia,0.334337151558744,2.990992760863721,True,2.990977291159773,0.33433888079178387,exact,True,1.54697039476126e-05,0.030517341404719192,5.172096753301855e-06,1972.7165760938078,0.00010137875101378751,4.927784224990563,116,g+r,14.50944755,13.8112602,116,nan,0.334337151558744,gaia_dr3_pf
gaia_f686_2035406446387785088,mhls_h8,control_orig,RRab,RRab,False,gaia,0.334337151558744,2.990992760863721,True,2.990977291159773,0.33433888079178387,exact,True,1.54697039476126e-05,0.030517341404719192,5.172096753301855e-06,1972.7165760938078,0.00010137875101378751,4.927784224990563,116,g+r,14.50944755,13.8112602,116,nan,0.334337151558744,gaia_dr3_pf
gaia_f686_2035406446387785088,ce,control_orig,RRab,RRab,False,gaia,0.334337151558744,2.990992760863721,True,2.990977291159773,0.33433888079178387,exact,True,1.54697039476126e-05,0.030517341404719192,5.172096753301855e-06,1972.7165760938078,0.00010137875101378751,4.927784224990563,116,g+r,14.50944755,13.8112602,116,nan,0.334337151558744,gaia_dr3_pf
gaia_f686_2035406446387785088,ftp_mb,control_orig,RRab,RRab,False,gaia,0.334337151558744,2.990992760863721,True,2.990977291159773,0.33433888079178387,exact,True,1.54697039476126e-05,0.030517341404719192,5.172096753301855e-06,1972.7165760938078,0.00010137875101378751,4.927784224990563,116,g+r,14.50944755,13.8112602,116,nan,0.334337151558744,gaia_dr3_pf
gaia_f686_2047160053888845184,gls_1band,control_antijoin,RRc,RRc,False,gaia,0.3121674118368833,3.203409331280645,True,3.2033640693079337,0.312171822610236,exact,True,4.526197271115251e-05,0.08933751060309608,1.4129312875872118e-05,1973.787381588947,0.0001013273887931908,5.000031964970418,61,r,16.2174015,15.8888712,117,nan,0.3121674118368833,gaia_dr3_p1_o
gaia_f686_2047160053888845184,ftp_1band,control_antijoin,RRc,RRc,False,gaia,0.3121674118368833,3.203409331280645,True,3.2033640693079337,0.312171822610236,exact,True,4.526197271115251e-05,0.08933751060309608,1.4129312875872118e-05,1973.787381588947,0.0001013273887931908,5.000031964970418,61,r,16.2174015,15.8888712,117,nan,0.3121674118368833,gaia_dr3_p1_o
gaia_f686_2047160053888845184,mbls_h1,control_antijoin,RRc,RRc,False,gaia,0.3121674118368833,3.203409331280645,True,3.203365774533658,0.3121716564339515,exact,True,4.355674698697243e-05,0.08592510651596223,1.3596996974957148e-05,1972.7163404021412,0.00010137875101378751,4.927784781527019,117,g+r,16.2174015,15.8888712,117,nan,0.3121674118368833,gaia_dr3_p1_o
gaia_f686_2047160053888845184,mhls_h8,control_antijoin,RRc,RRc,False,gaia,0.3121674118368833,3.203409331280645,True,3.203365774533658,0.3121716564339515,exact,True,4.355674698697243e-05,0.08592510651596223,1.3596996974957148e-05,1972.7163404021412,0.00010137875101378751,4.927784781527019,117,g+r,16.2174015,15.8888712,117,nan,0.3121674118368833,gaia_dr3_p1_o
gaia_f686_2047160053888845184,ce,control_antijoin,RRc,RRc,False,gaia,0.3121674118368833,3.203409331280645,True,3.203365774533658,0.3121716564339515,exact,True,4.355674698697243e-05,0.08592510651596223,1.3596996974957148e-05,1972.7163404021412,0.00010137875101378751,4.927784781527019,117,g+r,16.2174015,15.8888712,117,nan,0.3121674118368833,gaia_dr3_p1_o
gaia_f686_2047160053888845184,ftp_mb,control_antijoin,RRc,RRc,False,gaia,0.3121674118368833,3.203409331280645,True,3.203365774533658,0.3121716564339515,exact,True,4.355674698697243e-05,0.08592510651596223,1.3596996974957148e-05,1972.7163404021412,0.00010137875101378751,4.927784781527019,117,g+r,16.2174015,15.8888712,117,nan,0.3121674118368833,gaia_dr3_p1_o
gaia_f686_2047410467649416064,gls_1band,control_orig,RRab,RRab,False,gaia,0.5955795079949058,1.6790369490156356,True,1.6790961596919647,0.5955585058234265,exact,True,5.921067632908006e-05,0.11686927985862136,3.5264665476119116e-05,1973.787281352561,0.0001013273887931908,5.00003221889096,64,r,14.0859623,13.616252450000001,109,nan,0.5955795079949058,gaia_dr3_pf
gaia_f686_2047410467649416064,ftp_1band,control_orig,RRab,RRab,False,gaia,0.5955795079949058,1.6790369490156356,True,1.6783868679704124,0.595810190775175,miss,False,0.0006500810452232386,1.2831216989100074,0.00038717494907087056,1973.787281352561,0.0001013273887931908,5.00003221889096,64,r,14.0859623,13.616252450000001,109,nan,0.5955795079949058,gaia_dr3_pf
gaia_f686_2047410467649416064,mbls_h1,control_orig,RRab,RRab,False,gaia,0.5955795079949058,1.6790369490156356,True,1.6790697674418604,0.5955678670360111,exact,True,3.281842622482323e-05,0.06208713552613685,1.954598214414733e-05,1891.8376859636046,0.00010570824524312896,4.792816373564543,109,g+r,14.0859623,13.616252450000001,109,nan,0.5955795079949058,gaia_dr3_pf
gaia_f686_2047410467649416064,mhls_h8,control_orig,RRab,RRab,False,gaia,0.5955795079949058,1.6790369490156356,True,1.6790697674418604,0.5955678670360111,exact,True,3.281842622482323e-05,0.06208713552613685,1.954598214414733e-05,1891.8376859636046,0.00010570824524312896,4.792816373564543,109,g+r,14.0859623,13.616252450000001,109,nan,0.5955795079949058,gaia_dr3_pf
gaia_f686_2047410467649416064,ce,control_orig,RRab,RRab,False,gaia,0.5955795079949058,1.6790369490156356,True,1.6790697674418604,0.5955678670360111,exact,True,3.281842622482323e-05,0.06208713552613685,1.954598214414733e-05,1891.8376859636046,0.00010570824524312896,4.792816373564543,109,g+r,14.0859623,13.616252450000001,109,nan,0.5955795079949058,gaia_dr3_pf
gaia_f686_2047410467649416064,ftp_mb,control_orig,RRab,RRab,False,gaia,0.5955795079949058,1.6790369490156356,True,1.6790697674418604,0.5955678670360111,exact,True,3.281842622482323e-05,0.06208713552613685,1.954598214414733e-05,1891.8376859636046,0.00010570824524312896,4.792816373564543,109,g+r,14.0859623,13.616252450000001,109,nan,0.5955795079949058,gaia_dr3_pf
gaia_f686_2047488567341843840,gls_1band,control_orig,RRc,RRc,False,gaia,0.21660998791509897,4.616592289326721,True,4.6165848020803235,0.2166103392164226,exact,True,7.4872463970976355e-06,0.02072937368737453,1.621812351592687e-06,2768.624483282678,7.22334585379948e-05,5.000316974581388,814,r,13.1222372,12.8455081,1615,nan,0.21660998791509897,gaia_dr3_p1_o
gaia_f686_2047488567341843840,ftp_1band,control_orig,RRc,RRc,False,gaia,0.21660998791509897,4.616592289326721,True,4.6165848020803235,0.2166103392164226,exact,True,7.4872463970976355e-06,0.02072937368737453,1.621812351592687e-06,2768.624483282678,7.22334585379948e-05,5.000316974581388,814,r,13.1222372,12.8455081,1615,nan,0.21660998791509897,gaia_dr3_p1_o
gaia_f686_2047488567341843840,mbls_h1,control_orig,RRc,RRc,False,gaia,0.21660998791509897,4.616592289326721,True,4.61662081945852,0.2166086492928153,exact,True,2.853013179926478e-05,0.07881909397285229,6.179911504254925e-06,2762.661403999664,7.239032865209208e-05,4.989419491114763,1615,g+r,13.1222372,12.8455081,1615,nan,0.21660998791509897,gaia_dr3_p1_o
gaia_f686_2047488567341843840,mhls_h8,control_orig,RRc,RRc,False,gaia,0.21660998791509897,4.616592289326721,True,2.30831040972926,0.4332172985856306,f/2,True,2.3082818795974607,6377.001258315704,0.4999969100442479,2762.661403999664,7.239032865209208e-05,4.989419491114763,1615,g+r,13.1222372,12.8455081,1615,nan,0.21660998791509897,gaia_dr3_p1_o
gaia_f686_2047488567341843840,ce,control_orig,RRc,RRc,False,gaia,0.21660998791509897,4.616592289326721,True,4.61662081945852,0.2166086492928153,exact,True,2.853013179926478e-05,0.07881909397285229,6.179911504254925e-06,2762.661403999664,7.239032865209208e-05,4.989419491114763,1615,g+r,13.1222372,12.8455081,1615,nan,0.21660998791509897,gaia_dr3_p1_o
gaia_f686_2047488567341843840,ftp_mb,control_orig,RRc,RRc,False,gaia,0.21660998791509897,4.616592289326721,True,4.61662081945852,0.2166086492928153,exact,True,2.853013179926478e-05,0.07881909397285229,6.179911504254925e-06,2762.661403999664,7.239032865209208e-05,4.989419491114763,1615,g+r,13.1222372,12.8455081,1615,nan,0.21660998791509897,gaia_dr3_p1_o
gaia_f686_2047862641808092032,gls_1band,control_antijoin,RRab,RRab,False,gaia,0.4366360350487394,2.2902369931248923,True,2.2902016415036983,0.4366427749756659,exact,True,3.5351621193946414e-05,0.06977658869113461,1.5435791710669744e-05,1973.7875190596096,0.0001013273887931908,5.000031616727409,63,r,14.6559038,14.0810394,120,nan,0.4366360350487394,gaia_dr3_pf
gaia_f686_2047862641808092032,ftp_1band,control_antijoin,RRab,RRab,False,gaia,0.4366360350487394,2.2902369931248923,True,2.2902016415036983,0.4366427749756659,exact,True,3.5351621193946414e-05,0.06977658869113461,1.5435791710669744e-05,1973.7875190596096,0.0001013273887931908,5.000031616727409,63,r,14.6559038,14.0810394,120,nan,0.4366360350487394,gaia_dr3_pf
gaia_f686_2047862641808092032,mbls_h1,control_antijoin,RRab,RRab,False,gaia,0.4366360350487394,2.2902369931248923,True,2.290247364152474,0.4366340578106325,exact,True,1.037102758161268e-05,0.020459095934982047,4.528364362616477e-06,1972.7163749188185,0.00010137875101378751,4.927784549217438,120,g+r,14.6559038,14.0810394,120,nan,0.4366360350487394,gaia_dr3_pf
gaia_f686_2047862641808092032,mhls_h8,control_antijoin,RRab,RRab,False,gaia,0.4366360350487394,2.2902369931248923,True,2.290247364152474,0.4366340578106325,exact,True,1.037102758161268e-05,0.020459095934982047,4.528364362616477e-06,1972.7163749188185,0.00010137875101378751,4.927784549217438,120,g+r,14.6559038,14.0810394,120,nan,0.4366360350487394,gaia_dr3_pf
gaia_f686_2047862641808092032,ce,control_antijoin,RRab,RRab,False,gaia,0.4366360350487394,2.2902369931248923,True,2.290247364152474,0.4366340578106325,exact,True,1.037102758161268e-05,0.020459095934982047,4.528364362616477e-06,1972.7163749188185,0.00010137875101378751,4.927784549217438,120,g+r,14.6559038,14.0810394,120,nan,0.4366360350487394,gaia_dr3_pf
gaia_f686_2047862641808092032,ftp_mb,control_antijoin,RRab,RRab,False,gaia,0.4366360350487394,2.2902369931248923,True,2.290247364152474,0.4366340578106325,exact,True,1.037102758161268e-05,0.020459095934982047,4.528364362616477e-06,1972.7163749188185,0.00010137875101378751,4.927784549217438,120,g+r,14.6559038,14.0810394,120,nan,0.4366360350487394,gaia_dr3_pf
gaia_f686_2071709708991604736,gls_1band,control_antijoin,RRab,RRab,False,gaia,0.5457993852760762,1.8321750206702414,True,1.832201844158476,0.5457913947572172,exact,True,2.6823488234573034e-05,0.05294387480108211,1.4640243389390025e-05,1973.787836171221,0.0001013273887931908,5.00003081341509,58,r,16.792346950000002,16.1724453,114,nan,0.5457993852760762,gaia_dr3_pf
gaia_f686_2071709708991604736,ftp_1band,control_antijoin,RRab,RRab,False,gaia,0.5457993852760762,1.8321750206702414,True,1.832201844158476,0.5457913947572172,exact,True,2.6823488234573034e-05,0.05294387480108211,1.4640243389390025e-05,1973.787836171221,0.0001013273887931908,5.00003081341509,58,r,16.792346950000002,16.1724453,114,nan,0.5457993852760762,gaia_dr3_pf
gaia_f686_2071709708991604736,mbls_h1,control_antijoin,RRab,RRab,False,gaia,0.5457993852760762,1.8321750206702414,True,1.8322181670721818,0.5457865323963924,exact,True,4.314640194036379e-05,0.08511562824915735,2.3549279655925056e-05,1972.716713824775,0.00010137875101378751,4.92778367577373,114,g+r,16.792346950000002,16.1724453,114,nan,0.5457993852760762,gaia_dr3_pf
gaia_f686_2071709708991604736,mhls_h8,control_antijoin,RRab,RRab,False,gaia,0.5457993852760762,1.8321750206702414,True,1.8322181670721818,0.5457865323963924,exact,True,4.314640194036379e-05,0.08511562824915735,2.3549279655925056e-05,1972.716713824775,0.00010137875101378751,4.92778367577373,114,g+r,16.792346950000002,16.1724453,114,nan,0.5457993852760762,gaia_dr3_pf
gaia_f686_2071709708991604736,ce,control_antijoin,RRab,RRab,False,gaia,0.5457993852760762,1.8321750206702414,True,1.8322181670721818,0.5457865323963924,exact,True,4.314640194036379e-05,0.08511562824915735,2.3549279655925056e-05,1972.716713824775,0.00010137875101378751,4.92778367577373,114,g+r,16.792346950000002,16.1724453,114,nan,0.5457993852760762,gaia_dr3_pf
gaia_f686_2071709708991604736,ftp_mb,control_antijoin,RRab,RRab,False,gaia,0.5457993852760762,1.8321750206702414,True,1.8322181670721818,0.5457865323963924,exact,True,4.314640194036379e-05,0.08511562824915735,2.3549279655925056e-05,1972.716713824775,0.00010137875101378751,4.92778367577373,114,g+r,16.792346950000002,16.1724453,114,nan,0.5457993852760762,gaia_dr3_pf
chen_f786_ZTFJ092726.30+561921.4,gls_1band,science,RRab,RRab,False,chen,0.4958493,2.0167417802142706,True,2.016718761357854,0.4958549596309112,exact,True,2.301885641653456e-05,0.06333085210374698,1.1413883840939171e-05,2751.259704554919,7.269026677327906e-05,5.0002549658341024,1119,r,15.6406212,15.2944527,1920,0.4958493,0.4958604297916843,gaia_dr3_pf
chen_f786_ZTFJ092726.30+561921.4,ftp_1band,science,RRab,RRab,False,chen,0.4958493,2.0167417802142706,True,2.016718761357854,0.4958549596309112,exact,True,2.301885641653456e-05,0.06333085210374698,1.1413883840939171e-05,2751.259704554919,7.269026677327906e-05,5.0002549658341024,1119,r,15.6406212,15.2944527,1920,0.4958493,0.4958604297916843,gaia_dr3_pf
chen_f786_ZTFJ092726.30+561921.4,mbls_h1,science,RRab,RRab,False,chen,0.4958493,2.0167417802142706,True,2.016718761357854,0.4958549596309112,exact,True,2.301885641653456e-05,0.06333085210374698,1.1413883840939171e-05,2751.259704554919,7.269026677327906e-05,4.973263398250383,1920,g+r,15.6406212,15.2944527,1920,0.4958493,0.4958604297916843,gaia_dr3_pf
chen_f786_ZTFJ092726.30+561921.4,mhls_h8,science,RRab,RRab,False,chen,0.4958493,2.0167417802142706,True,2.016718761357854,0.4958549596309112,exact,True,2.301885641653456e-05,0.06333085210374698,1.1413883840939171e-05,2751.259704554919,7.269026677327906e-05,4.973263398250383,1920,g+r,15.6406212,15.2944527,1920,0.4958493,0.4958604297916843,gaia_dr3_pf
chen_f786_ZTFJ092726.30+561921.4,ce,science,RRab,RRab,False,chen,0.4958493,2.0167417802142706,True,2.016718761357854,0.4958549596309112,exact,True,2.301885641653456e-05,0.06333085210374698,1.1413883840939171e-05,2751.259704554919,7.269026677327906e-05,4.973263398250383,1920,g+r,15.6406212,15.2944527,1920,0.4958493,0.4958604297916843,gaia_dr3_pf
chen_f786_ZTFJ092726.30+561921.4,ftp_mb,science,RRab,RRab,False,chen,0.4958493,2.0167417802142706,True,2.016718761357854,0.4958549596309112,exact,True,2.301885641653456e-05,0.06333085210374698,1.1413883840939171e-05,2751.259704554919,7.269026677327906e-05,4.973263398250383,1920,g+r,15.6406212,15.2944527,1920,0.4958493,0.4958604297916843,gaia_dr3_pf
chen_f786_ZTFJ092825.79+535045.1,gls_1band,science,RRc,RRc,False,chen,0.3965502,2.521748822721562,True,2.5218025487486564,0.39654175165149624,exact,True,5.3726027094302964e-05,0.13995876943909547,2.130506678945126e-05,2605.0459527452476,7.676953784738216e-05,5.000295670897072,963,r,17.9671526,17.8171463,1647,0.3965502,0.3965259664089503,gaia_dr3_p1_o
chen_f786_ZTFJ092825.79+535045.1,ftp_1band,science,RRc,RRc,False,chen,0.3965502,2.521748822721562,True,2.5218025487486564,0.39654175165149624,exact,True,5.3726027094302964e-05,0.13995876943909547,2.130506678945126e-05,2605.0459527452476,7.676953784738216e-05,5.000295670897072,963,r,17.9671526,17.8171463,1647,0.3965502,0.3965259664089503,gaia_dr3_p1_o
chen_f786_ZTFJ092825.79+535045.1,mbls_h1,science,RRc,RRc,False,chen,0.3965502,2.521748822721562,True,2.5218025487486564,0.39654175165149624,exact,True,5.3726027094302964e-05,0.13995876943909547,2.130506678945126e-05,2605.0459527452476,7.676953784738216e-05,4.971797584879134,1647,g+r,17.9671526,17.8171463,1647,0.3965502,0.3965259664089503,gaia_dr3_p1_o
chen_f786_ZTFJ092825.79+535045.1,mhls_h8,science,RRc,RRc,False,chen,0.3965502,2.521748822721562,True,2.5218025487486564,0.39654175165149624,exact,True,5.3726027094302964e-05,0.13995876943909547,2.130506678945126e-05,2605.0459527452476,7.676953784738216e-05,4.971797584879134,1647,g+r,17.9671526,17.8171463,1647,0.3965502,0.3965259664089503,gaia_dr3_p1_o
chen_f786_ZTFJ092825.79+535045.1,ce,science,RRc,RRc,False,chen,0.3965502,2.521748822721562,True,2.521879318286504,0.3965296803652968,exact,True,0.00013049556494193482,0.3399469433031919,5.174804237683724e-05,2605.0459527452476,7.676953784738216e-05,4.971797584879134,1647,g+r,17.9671526,17.8171463,1647,0.3965502,0.3965259664089503,gaia_dr3_p1_o
chen_f786_ZTFJ092825.79+535045.1,ftp_mb,science,RRc,RRc,False,chen,0.3965502,2.521748822721562,True,2.5218025487486564,0.39654175165149624,exact,True,5.3726027094302964e-05,0.13995876943909547,2.130506678945126e-05,2605.0459527452476,7.676953784738216e-05,4.971797584879134,1647,g+r,17.9671526,17.8171463,1647,0.3965502,0.3965259664089503,gaia_dr3_p1_o
chen_f786_ZTFJ092904.98+521752.3,gls_1band,science,RRc,RRc,False,chen,0.3303055,3.0275002989656548,True,3.0283279594656842,0.3302152254924329,miss,False,0.0008276605000294701,2.156093577023834,0.0002733808152924841,2605.0458816713654,7.676953784738216e-05,5.000295807320937,1151,r,15.3136053,15.2440414,1932,0.3303055,0.33020753874887093,gaia_dr3_p1_o
chen_f786_ZTFJ092904.98+521752.3,ftp_1band,science,RRc,RRc,False,chen,0.3303055,3.0275002989656548,True,3.0283279594656842,0.3302152254924329,miss,False,0.0008276605000294701,2.156093577023834,0.0002733808152924841,2605.0458816713654,7.676953784738216e-05,5.000295807320937,1151,r,15.3136053,15.2440414,1932,0.3303055,0.33020753874887093,gaia_dr3_p1_o
chen_f786_ZTFJ092904.98+521752.3,mbls_h1,science,RRc,RRc,False,chen,0.3303055,3.0275002989656548,True,3.0283279594656842,0.3302152254924329,miss,False,0.0008276605000294701,2.156093577023834,0.0002733808152924841,2605.0458816713654,7.676953784738216e-05,4.971797741515211,1932,g+r,15.3136053,15.2440414,1932,0.3303055,0.33020753874887093,gaia_dr3_p1_o
chen_f786_ZTFJ092904.98+521752.3,mhls_h8,science,RRc,RRc,False,chen,0.3303055,3.0275002989656548,True,1.009442653155228,0.9906456764772986,miss,False,2.0180576458104267,5257.1327591938625,0.6665755397282358,2605.0458816713654,7.676953784738216e-05,4.971797741515211,1932,g+r,15.3136053,15.2440414,1932,0.3303055,0.33020753874887093,gaia_dr3_p1_o
chen_f786_ZTFJ092904.98+521752.3,ce,science,RRc,RRc,False,chen,0.3303055,3.0275002989656548,True,3.0283279594656842,0.3302152254924329,miss,False,0.0008276605000294701,2.156093577023834,0.0002733808152924841,2605.0458816713654,7.676953784738216e-05,4.971797741515211,1932,g+r,15.3136053,15.2440414,1932,0.3303055,0.33020753874887093,gaia_dr3_p1_o
chen_f786_ZTFJ092904.98+521752.3,ftp_mb,science,RRc,RRc,False,chen,0.3303055,3.0275002989656548,True,3.0283279594656842,0.3302152254924329,miss,False,0.0008276605000294701,2.156093577023834,0.0002733808152924841,2605.0458816713654,7.676953784738216e-05,4.971797741515211,1932,g+r,15.3136053,15.2440414,1932,0.3303055,0.33020753874887093,gaia_dr3_p1_o
chen_f786_ZTFJ092917.04+543107.4,gls_1band,science,RRc,RRc,False,chen,0.365325,2.7372887155272703,True,2.7372946414862582,0.36532420910926633,exact,True,5.925958987962332e-06,0.015437395676505436,2.164900967277339e-06,2605.0459862891585,7.676953784738216e-05,5.000295606510695,1128,r,17.063308749999997,16.9378624,1922,0.365325,0.3653221707921257,gaia_dr3_p1_o
chen_f786_ZTFJ092917.04+543107.4,ftp_1band,science,RRc,RRc,False,chen,0.365325,2.7372887155272703,True,2.7372946414862582,0.36532420910926633,exact,True,5.925958987962332e-06,0.015437395676505436,2.164900967277339e-06,2605.0459862891585,7.676953784738216e-05,5.000295606510695,1128,r,17.063308749999997,16.9378624,1922,0.365325,0.3653221707921257,gaia_dr3_p1_o
chen_f786_ZTFJ092917.04+543107.4,mbls_h1,science,RRc,RRc,False,chen,0.365325,2.7372887155272703,True,2.7372946414862582,0.36532420910926633,exact,True,5.925958987962332e-06,0.015437395676505436,2.164900967277339e-06,2605.0459862891585,7.676953784738216e-05,4.971797506399389,1922,g+r,17.063308749999997,16.9378624,1922,0.365325,0.3653221707921257,gaia_dr3_p1_o
chen_f786_ZTFJ092917.04+543107.4,mhls_h8,science,RRc,RRc,False,chen,0.365325,2.7372887155272703,True,1.3686473207431291,0.7306484182185327,f/2,True,1.3686413947841412,3565.3737721516227,0.49999891754951636,2605.0459862891585,7.676953784738216e-05,4.971797506399389,1922,g+r,17.063308749999997,16.9378624,1922,0.365325,0.3653221707921257,gaia_dr3_p1_o
chen_f786_ZTFJ092917.04+543107.4,ce,science,RRc,RRc,False,chen,0.365325,2.7372887155272703,True,2.7372946414862582,0.36532420910926633,exact,True,5.925958987962332e-06,0.015437395676505436,2.164900967277339e-06,2605.0459862891585,7.676953784738216e-05,4.971797506399389,1922,g+r,17.063308749999997,16.9378624,1922,0.365325,0.3653221707921257,gaia_dr3_p1_o
chen_f786_ZTFJ092917.04+543107.4,ftp_mb,science,RRc,RRc,False,chen,0.365325,2.7372887155272703,True,2.7372946414862582,0.36532420910926633,exact,True,5.925958987962332e-06,0.015437395676505436,2.164900967277339e-06,2605.0459862891585,7.676953784738216e-05,4.971797506399389,1922,g+r,17.063308749999997,16.9378624,1922,0.365325,0.3653221707921257,gaia_dr3_p1_o
chen_f786_ZTFJ093554.74+521319.0,gls_1band,science,RRc,RRc,False,chen,0.2600097,3.8460103603827087,True,3.8460003070781514,0.2600103796558745,exact,True,1.0053304557278153e-05,0.02618931972567556,2.6139567019465257e-06,2605.0458907778375,7.676953784738216e-05,5.000295789841377,1147,r,17.704461100000003,17.7180729,1927,0.2600097,0.26001034003433915,gaia_dr3_p1_o
chen_f786_ZTFJ093554.74+521319.0,ftp_1band,science,RRc,RRc,False,chen,0.2600097,3.8460103603827087,True,3.8460003070781514,0.2600103796558745,exact,True,1.0053304557278153e-05,0.02618931972567556,2.6139567019465257e-06,2605.0458907778375,7.676953784738216e-05,5.000295789841377,1147,r,17.704461100000003,17.7180729,1927,0.2600097,0.26001034003433915,gaia_dr3_p1_o
chen_f786_ZTFJ093554.74+521319.0,mbls_h1,science,RRc,RRc,False,chen,0.2600097,3.8460103603827087,True,3.8460003070781514,0.2600103796558745,exact,True,1.0053304557278153e-05,0.02618931972567556,2.6139567019465257e-06,2605.0458907778375,7.676953784738216e-05,4.971797694161555,1927,g+r,17.704461100000003,17.7180729,1927,0.2600097,0.26001034003433915,gaia_dr3_p1_o
chen_f786_ZTFJ093554.74+521319.0,mhls_h8,science,RRc,RRc,False,chen,0.2600097,3.8460103603827087,True,1.9230001535390757,0.520020759311749,f/2,True,1.923010206843633,5009.529837261845,0.500001306978351,2605.0458907778375,7.676953784738216e-05,4.971797694161555,1927,g+r,17.704461100000003,17.7180729,1927,0.2600097,0.26001034003433915,gaia_dr3_p1_o
chen_f786_ZTFJ093554.74+521319.0,ce,science,RRc,RRc,False,chen,0.2600097,3.8460103603827087,True,3.8460003070781514,0.2600103796558745,exact,True,1.0053304557278153e-05,0.02618931972567556,2.6139567019465257e-06,2605.0458907778375,7.676953784738216e-05,4.971797694161555,1927,g+r,17.704461100000003,17.7180729,1927,0.2600097,0.26001034003433915,gaia_dr3_p1_o
chen_f786_ZTFJ093554.74+521319.0,ftp_mb,science,RRc,RRc,False,chen,0.2600097,3.8460103603827087,True,3.8460003070781514,0.2600103796558745,exact,True,1.0053304557278153e-05,0.02618931972567556,2.6139567019465257e-06,2605.0458907778375,7.676953784738216e-05,4.971797694161555,1927,g+r,17.704461100000003,17.7180729,1927,0.2600097,0.26001034003433915,gaia_dr3_p1_o
chen_f786_ZTFJ093728.14+563556.5,gls_1band,science,RRab,RRab,False,chen,0.5285593,1.891935304137114,True,1.892031523642732,0.5285324200490582,exact,True,9.621950561800041e-05,0.2197617351622973,5.085771453579636e-05,2283.962422700133,8.756567425569177e-05,5.00008226339342,390,r,16.9168282,16.744585049999998,565,0.5285593,0.5285410336052525,gaia_dr3_pf
chen_f786_ZTFJ093728.14+563556.5,ftp_1band,science,RRab,RRab,False,chen,0.5285593,1.891935304137114,True,1.892031523642732,0.5285324200490582,exact,True,9.621950561800041e-05,0.2197617351622973,5.085771453579636e-05,2283.962422700133,8.756567425569177e-05,5.00008226339342,390,r,16.9168282,16.744585049999998,565,0.5285593,0.5285410336052525,gaia_dr3_pf
chen_f786_ZTFJ093728.14+563556.5,mbls_h1,science,RRab,RRab,False,chen,0.5285593,1.891935304137114,True,1.8920315474571663,0.528532413396579,exact,True,9.624332005220282e-05,0.21231347199359493,5.087030187646828e-05,2206.007355922833,9.065361254645998e-05,4.798393407060062,565,g+r,16.9168282,16.744585049999998,565,0.5285593,0.5285410336052525,gaia_dr3_pf
chen_f786_ZTFJ093728.14+563556.5,mhls_h8,science,RRab,RRab,False,chen,0.5285593,1.891935304137114,True,1.8920315474571663,0.528532413396579,exact,True,9.624332005220282e-05,0.21231347199359493,5.087030187646828e-05,2206.007355922833,9.065361254645998e-05,4.798393407060062,565,g+r,16.9168282,16.744585049999998,565,0.5285593,0.5285410336052525,gaia_dr3_pf
chen_f786_ZTFJ093728.14+563556.5,ce,science,RRab,RRab,False,chen,0.5285593,1.891935304137114,True,1.8920315474571663,0.528532413396579,exact,True,9.624332005220282e-05,0.21231347199359493,5.087030187646828e-05,2206.007355922833,9.065361254645998e-05,4.798393407060062,565,g+r,16.9168282,16.744585049999998,565,0.5285593,0.5285410336052525,gaia_dr3_pf
chen_f786_ZTFJ093728.14+563556.5,ftp_mb,science,RRab,RRab,False,chen,0.5285593,1.891935304137114,True,1.8920315474571663,0.528532413396579,exact,True,9.624332005220282e-05,0.21231347199359493,5.087030187646828e-05,2206.007355922833,9.065361254645998e-05,4.798393407060062,565,g+r,16.9168282,16.744585049999998,565,0.5285593,0.5285410336052525,gaia_dr3_pf
chen_f786_ZTFJ094009.43+572734.0,gls_1band,science,RRc,RRc,True,chen,0.2859976,3.4965328380378016,True,3.4965472123282693,0.2859964242651033,exact,True,1.4374290467689121e-05,0.0395474036771612,4.111012575461966e-06,2751.259532848373,7.269026677327906e-05,5.000255277900812,1114,r,14.1234694,14.0973153,1917,0.2859976,0.285996284991387,gaia_dr3_p1_o
chen_f786_ZTFJ094009.43+572734.0,ftp_1band,science,RRc,RRc,True,chen,0.2859976,3.4965328380378016,True,3.4965472123282693,0.2859964242651033,exact,True,1.4374290467689121e-05,0.0395474036771612,4.111012575461966e-06,2751.259532848373,7.269026677327906e-05,5.000255277900812,1114,r,14.1234694,14.0973153,1917,0.2859976,0.285996284991387,gaia_dr3_p1_o
chen_f786_ZTFJ094009.43+572734.0,mbls_h1,science,RRc,RRc,True,chen,0.2859976,3.4965328380378016,True,3.4965472123282693,0.2859964242651033,exact,True,1.4374290467689121e-05,0.0395474036771612,4.111012575461966e-06,2751.259532848373,7.269026677327906e-05,4.973263638424712,1917,g+r,14.1234694,14.0973153,1917,0.2859976,0.285996284991387,gaia_dr3_p1_o
chen_f786_ZTFJ094009.43+572734.0,mhls_h8,science,RRc,RRc,True,chen,0.2859976,3.4965328380378016,True,3.4965472123282693,0.2859964242651033,exact,True,1.4374290467689121e-05,0.0395474036771612,4.111012575461966e-06,2751.259532848373,7.269026677327906e-05,4.973263638424712,1917,g+r,14.1234694,14.0973153,1917,0.2859976,0.285996284991387,gaia_dr3_p1_o
chen_f786_ZTFJ094009.43+572734.0,ce,science,RRc,RRc,True,chen,0.2859976,3.4965328380378016,True,3.4965472123282693,0.2859964242651033,exact,True,1.4374290467689121e-05,0.0395474036771612,4.111012575461966e-06,2751.259532848373,7.269026677327906e-05,4.973263638424712,1917,g+r,14.1234694,14.0973153,1917,0.2859976,0.285996284991387,gaia_dr3_p1_o
chen_f786_ZTFJ094009.43+572734.0,ftp_mb,science,RRc,RRc,True,chen,0.2859976,3.4965328380378016,True,3.4965472123282693,0.2859964242651033,exact,True,1.4374290467689121e-05,0.0395474036771612,4.111012575461966e-06,2751.259532848373,7.269026677327906e-05,4.973263638424712,1917,g+r,14.1234694,14.0973153,1917,0.2859976,0.285996284991387,gaia_dr3_p1_o
chen_f786_ZTFJ094015.37+523328.6,gls_1band,science,RRab,RRab,False,chen,0.5592252,1.7881883720547644,True,1.7881928450790727,0.5592238011419739,exact,True,4.473024308282447e-06,0.011652433703031059,2.501427913404113e-06,2605.045915233437,7.676953784738216e-05,5.000295742899698,1158,r,14.7762346,14.52768755,1905,0.5592252,0.5592269286257653,gaia_dr3_pf
chen_f786_ZTFJ094015.37+523328.6,ftp_1band,science,RRab,RRab,False,chen,0.5592252,1.7881883720547644,True,1.7881928450790727,0.5592238011419739,exact,True,4.473024308282447e-06,0.011652433703031059,2.501427913404113e-06,2605.045915233437,7.676953784738216e-05,5.000295742899698,1158,r,14.7762346,14.52768755,1905,0.5592252,0.5592269286257653,gaia_dr3_pf
chen_f786_ZTFJ094015.37+523328.6,mbls_h1,science,RRab,RRab,False,chen,0.5592252,1.7881883720547644,True,1.7881928450790727,0.5592238011419739,exact,True,4.473024308282447e-06,0.011652433703031059,2.501427913404113e-06,2605.045915233437,7.676953784738216e-05,4.971797622543439,1905,g+r,14.7762346,14.52768755,1905,0.5592252,0.5592269286257653,gaia_dr3_pf
chen_f786_ZTFJ094015.37+523328.6,mhls_h8,science,RRab,RRab,False,chen,0.5592252,1.7881883720547644,True,1.7881928450790727,0.5592238011419739,exact,True,4.473024308282447e-06,0.011652433703031059,2.501427913404113e-06,2605.045915233437,7.676953784738216e-05,4.971797622543439,1905,g+r,14.7762346,14.52768755,1905,0.5592252,0.5592269286257653,gaia_dr3_pf
chen_f786_ZTFJ094015.37+523328.6,ce,science,RRab,RRab,False,chen,0.5592252,1.7881883720547644,True,1.7881928450790727,0.5592238011419739,exact,True,4.473024308282447e-06,0.011652433703031059,2.501427913404113e-06,2605.045915233437,7.676953784738216e-05,4.971797622543439,1905,g+r,14.7762346,14.52768755,1905,0.5592252,0.5592269286257653,gaia_dr3_pf
chen_f786_ZTFJ094015.37+523328.6,ftp_mb,science,RRab,RRab,False,chen,0.5592252,1.7881883720547644,True,1.7881928450790727,0.5592238011419739,exact,True,4.473024308282447e-06,0.011652433703031059,2.501427913404113e-06,2605.045915233437,7.676953784738216e-05,4.971797622543439,1905,g+r,14.7762346,14.52768755,1905,0.5592252,0.5592269286257653,gaia_dr3_pf
chen_f786_ZTFJ094215.74+522324.9,gls_1band,science,RRab,RRab,False,chen,0.6315477,1.5834116726258365,True,1.583525257177952,0.6315023997672953,exact,True,0.00011358455211540885,0.29589297317552893,7.17340626440166e-05,2605.045912184287,7.676953784738216e-05,5.000295748752435,1157,r,16.3670654,16.0971107,1904,0.6315477,0.6315007159673308,gaia_dr3_pf
chen_f786_ZTFJ094215.74+522324.9,ftp_1band,science,RRab,RRab,False,chen,0.6315477,1.5834116726258365,True,1.583525257177952,0.6315023997672953,exact,True,0.00011358455211540885,0.29589297317552893,7.17340626440166e-05,2605.045912184287,7.676953784738216e-05,5.000295748752435,1157,r,16.3670654,16.0971107,1904,0.6315477,0.6315007159673308,gaia_dr3_pf
chen_f786_ZTFJ094215.74+522324.9,mbls_h1,science,RRab,RRab,False,chen,0.6315477,1.5834116726258365,True,1.583525257177952,0.6315023997672953,exact,True,0.00011358455211540885,0.29589297317552893,7.17340626440166e-05,2605.045912184287,7.676953784738216e-05,4.9717976212020405,1904,g+r,16.3670654,16.0971107,1904,0.6315477,0.6315007159673308,gaia_dr3_pf
chen_f786_ZTFJ094215.74+522324.9,mhls_h8,science,RRab,RRab,False,chen,0.6315477,1.5834116726258365,True,1.583525257177952,0.6315023997672953,exact,True,0.00011358455211540885,0.29589297317552893,7.17340626440166e-05,2605.045912184287,7.676953784738216e-05,4.9717976212020405,1904,g+r,16.3670654,16.0971107,1904,0.6315477,0.6315007159673308,gaia_dr3_pf
chen_f786_ZTFJ094215.74+522324.9,ce,science,RRab,RRab,False,chen,0.6315477,1.5834116726258365,True,1.583525257177952,0.6315023997672953,exact,True,0.00011358455211540885,0.29589297317552893,7.17340626440166e-05,2605.045912184287,7.676953784738216e-05,4.9717976212020405,1904,g+r,16.3670654,16.0971107,1904,0.6315477,0.6315007159673308,gaia_dr3_pf
chen_f786_ZTFJ094215.74+522324.9,ftp_mb,science,RRab,RRab,False,chen,0.6315477,1.5834116726258365,True,1.583525257177952,0.6315023997672953,exact,True,0.00011358455211540885,0.29589297317552893,7.17340626440166e-05,2605.045912184287,7.676953784738216e-05,4.9717976212020405,1904,g+r,16.3670654,16.0971107,1904,0.6315477,0.6315007159673308,gaia_dr3_pf
chen_f786_ZTFJ094400.22+553444.9,gls_1band,science,RRc,RRc,False,chen,0.3179592,3.145057604875091,True,3.1451290719114935,0.317951974985954,exact,True,7.146703640259489e-05,0.1860337949284266,2.2723601720939946e-05,2603.071349991951,7.682851874615857e-05,5.000247111951137,598,r,17.7667427,17.72097115,938,0.3179592,0.31795234790387766,gaia_dr3_p1_o
chen_f786_ZTFJ094400.22+553444.9,ftp_1band,science,RRc,RRc,False,chen,0.3179592,3.145057604875091,True,3.1451290719114935,0.317951974985954,exact,True,7.146703640259489e-05,0.1860337949284266,2.2723601720939946e-05,2603.071349991951,7.682851874615857e-05,5.000247111951137,598,r,17.7667427,17.72097115,938,0.3179592,0.31795234790387766,gaia_dr3_p1_o
chen_f786_ZTFJ094400.22+553444.9,mbls_h1,science,RRc,RRc,False,chen,0.3179592,3.145057604875091,True,3.1451290719114935,0.317951974985954,exact,True,7.146703640259489e-05,0.1860337949284266,2.2723601720939946e-05,2603.071349991951,7.682851874615857e-05,4.9717277120982555,938,g+r,17.7667427,17.72097115,938,0.3179592,0.31795234790387766,gaia_dr3_p1_o
chen_f786_ZTFJ094400.22+553444.9,mhls_h8,science,RRc,RRc,False,chen,0.3179592,3.145057604875091,True,3.1451290719114935,0.317951974985954,exact,True,7.146703640259489e-05,0.1860337949284266,2.2723601720939946e-05,2603.071349991951,7.682851874615857e-05,4.9717277120982555,938,g+r,17.7667427,17.72097115,938,0.3179592,0.31795234790387766,gaia_dr3_p1_o
chen_f786_ZTFJ094400.22+553444.9,ce,science,RRc,RRc,False,chen,0.3179592,3.145057604875091,True,3.1451290719114935,0.317951974985954,exact,True,7.146703640259489e-05,0.1860337949284266,2.2723601720939946e-05,2603.071349991951,7.682851874615857e-05,4.9717277120982555,938,g+r,17.7667427,17.72097115,938,0.3179592,0.31795234790387766,gaia_dr3_p1_o
chen_f786_ZTFJ094400.22+553444.9,ftp_mb,science,RRc,RRc,False,chen,0.3179592,3.145057604875091,True,3.1451290719114935,0.317951974985954,exact,True,7.146703640259489e-05,0.1860337949284266,2.2723601720939946e-05,2603.071349991951,7.682851874615857e-05,4.9717277120982555,938,g+r,17.7667427,17.72097115,938,0.3179592,0.31795234790387766,gaia_dr3_p1_o
chen_f786_ZTFJ094954.90+514422.2,gls_1band,science,RRab,RRab,True,chen,0.572051,1.7480958865555694,True,1.7484262244741287,0.5719429198682766,miss,False,0.00033033791855929806,0.8605454412034058,0.00018897013664976502,2605.0459025609307,7.676953784738216e-05,5.000295767224135,1116,r,13.3402567,13.1111679,1865,0.572051,0.5720895761044757,gaia_dr3_pf
chen_f786_ZTFJ094954.90+514422.2,ftp_1band,science,RRab,RRab,True,chen,0.572051,1.7480958865555694,True,1.7484262244741287,0.5719429198682766,miss,False,0.00033033791855929806,0.8605454412034058,0.00018897013664976502,2605.0459025609307,7.676953784738216e-05,5.000295767224135,1116,r,13.3402567,13.1111679,1865,0.572051,0.5720895761044757,gaia_dr3_pf
chen_f786_ZTFJ094954.90+514422.2,mbls_h1,science,RRab,RRab,True,chen,0.572051,1.7480958865555694,True,1.7484262244741287,0.5719429198682766,miss,False,0.00033033791855929806,0.8605454412034058,0.00018897013664976502,2605.0459025609307,7.676953784738216e-05,4.971797610795159,1865,g+r,13.3402567,13.1111679,1865,0.572051,0.5720895761044757,gaia_dr3_pf
chen_f786_ZTFJ094954.90+514422.2,mhls_h8,science,RRab,RRab,True,chen,0.572051,1.7480958865555694,True,1.7484262244741287,0.5719429198682766,miss,False,0.00033033791855929806,0.8605454412034058,0.00018897013664976502,2605.0459025609307,7.676953784738216e-05,4.971797610795159,1865,g+r,13.3402567,13.1111679,1865,0.572051,0.5720895761044757,gaia_dr3_pf
chen_f786_ZTFJ094954.90+514422.2,ce,science,RRab,RRab,True,chen,0.572051,1.7480958865555694,True,1.7484262244741287,0.5719429198682766,miss,False,0.00033033791855929806,0.8605454412034058,0.00018897013664976502,2605.0459025609307,7.676953784738216e-05,4.971797610795159,1865,g+r,13.3402567,13.1111679,1865,0.572051,0.5720895761044757,gaia_dr3_pf
chen_f786_ZTFJ094954.90+514422.2,ftp_mb,science,RRab,RRab,True,chen,0.572051,1.7480958865555694,True,1.7484262244741287,0.5719429198682766,miss,False,0.00033033791855929806,0.8605454412034058,0.00018897013664976502,2605.0459025609307,7.676953784738216e-05,4.971797610795159,1865,g+r,13.3402567,13.1111679,1865,0.572051,0.5720895761044757,gaia_dr3_pf
chen_f786_ZTFJ095443.72+570927.4,gls_1band,science,RRab,RRab,True,chen,0.6979211,1.4328267192380344,True,1.4330159191684233,0.6978289540428122,miss,False,0.0001891999303889058,0.5205380455290316,0.00013204662353694856,2751.259181010537,7.269026677327906e-05,5.000255917345838,1066,r,14.548380850000001,14.26678035,1828,0.6979211,0.6978420694543642,gaia_dr3_pf
chen_f786_ZTFJ095443.72+570927.4,ftp_1band,science,RRab,RRab,True,chen,0.6979211,1.4328267192380344,True,1.4330159191684233,0.6978289540428122,miss,False,0.0001891999303889058,0.5205380455290316,0.00013204662353694856,2751.259181010537,7.269026677327906e-05,5.000255917345838,1066,r,14.548380850000001,14.26678035,1828,0.6979211,0.6978420694543642,gaia_dr3_pf
chen_f786_ZTFJ095443.72+570927.4,mbls_h1,science,RRab,RRab,True,chen,0.6979211,1.4328267192380344,True,1.4330159191684233,0.6978289540428122,miss,False,0.0001891999303889058,0.5205380455290316,0.00013204662353694856,2751.259181010537,7.269026677327906e-05,4.97326421601762,1828,g+r,14.548380850000001,14.26678035,1828,0.6979211,0.6978420694543642,gaia_dr3_pf
chen_f786_ZTFJ095443.72+570927.4,mhls_h8,science,RRab,RRab,True,chen,0.6979211,1.4328267192380344,True,1.4330159191684233,0.6978289540428122,miss,False,0.0001891999303889058,0.5205380455290316,0.00013204662353694856,2751.259181010537,7.269026677327906e-05,4.97326421601762,1828,g+r,14.548380850000001,14.26678035,1828,0.6979211,0.6978420694543642,gaia_dr3_pf
chen_f786_ZTFJ095443.72+570927.4,ce,science,RRab,RRab,True,chen,0.6979211,1.4328267192380344,True,1.4330159191684233,0.6978289540428122,miss,False,0.0001891999303889058,0.5205380455290316,0.00013204662353694856,2751.259181010537,7.269026677327906e-05,4.97326421601762,1828,g+r,14.548380850000001,14.26678035,1828,0.6979211,0.6978420694543642,gaia_dr3_pf
chen_f786_ZTFJ095443.72+570927.4,ftp_mb,science,RRab,RRab,True,chen,0.6979211,1.4328267192380344,True,1.4330159191684233,0.6978289540428122,miss,False,0.0001891999303889058,0.5205380455290316,0.00013204662353694856,2751.259181010537,7.269026677327906e-05,4.97326421601762,1828,g+r,14.548380850000001,14.26678035,1828,0.6979211,0.6978420694543642,gaia_dr3_pf
chen_f786_ZTFJ095742.96+540607.3,gls_1band,science,RRab,RRab,False,chen,0.5312701,1.8822817244938121,True,1.8823144580940612,0.5312608611701101,exact,True,3.2733600249024164e-05,0.09005860425369319,1.7390383077659093e-05,2751.258754569106,7.269026677327906e-05,5.000256692378824,1110,r,14.8214464,14.574861550000001,1682,0.5312701,0.5312593008851705,gaia_dr3_pf
chen_f786_ZTFJ095742.96+540607.3,ftp_1band,science,RRab,RRab,False,chen,0.5312701,1.8822817244938121,True,1.8823144580940612,0.5312608611701101,exact,True,3.2733600249024164e-05,0.09005860425369319,1.7390383077659093e-05,2751.258754569106,7.269026677327906e-05,5.000256692378824,1110,r,14.8214464,14.574861550000001,1682,0.5312701,0.5312593008851705,gaia_dr3_pf
chen_f786_ZTFJ095742.96+540607.3,mbls_h1,science,RRab,RRab,False,chen,0.5312701,1.8822817244938121,True,1.8823144580940612,0.5312608611701101,exact,True,3.2733600249024164e-05,0.09005860425369319,1.7390383077659093e-05,2751.258754569106,7.269026677327906e-05,4.973265011143031,1682,g+r,14.8214464,14.574861550000001,1682,0.5312701,0.5312593008851705,gaia_dr3_pf
chen_f786_ZTFJ095742.96+540607.3,mhls_h8,science,RRab,RRab,False,chen,0.5312701,1.8822817244938121,True,1.8823144580940612,0.5312608611701101,exact,True,3.2733600249024164e-05,0.09005860425369319,1.7390383077659093e-05,2751.258754569106,7.269026677327906e-05,4.973265011143031,1682,g+r,14.8214464,14.574861550000001,1682,0.5312701,0.5312593008851705,gaia_dr3_pf
chen_f786_ZTFJ095742.96+540607.3,ce,science,RRab,RRab,False,chen,0.5312701,1.8822817244938121,True,1.8823144580940612,0.5312608611701101,exact,True,3.2733600249024164e-05,0.09005860425369319,1.7390383077659093e-05,2751.258754569106,7.269026677327906e-05,4.973265011143031,1682,g+r,14.8214464,14.574861550000001,1682,0.5312701,0.5312593008851705,gaia_dr3_pf
chen_f786_ZTFJ095742.96+540607.3,ftp_mb,science,RRab,RRab,False,chen,0.5312701,1.8822817244938121,True,1.8823144580940612,0.5312608611701101,exact,True,3.2733600249024164e-05,0.09005860425369319,1.7390383077659093e-05,2751.258754569106,7.269026677327906e-05,4.973265011143031,1682,g+r,14.8214464,14.574861550000001,1682,0.5312701,0.5312593008851705,gaia_dr3_pf
chen_f786_ZTFJ095811.75+580604.2,gls_1band,science,RRab,RRab,False,chen,0.6122179,1.6334053610650718,True,1.6334229846623536,0.6122112945574296,exact,True,1.7623597281746228e-05,0.04848708452944244,1.0789481718276384e-05,2751.2592210480943,7.269026677327906e-05,5.000255844579872,1106,r,15.0615282,14.81638575,1870,0.6122179,0.6122106481173273,gaia_dr3_pf
chen_f786_ZTFJ095811.75+580604.2,ftp_1band,science,RRab,RRab,False,chen,0.6122179,1.6334053610650718,True,1.6334229846623536,0.6122112945574296,exact,True,1.7623597281746228e-05,0.04848708452944244,1.0789481718276384e-05,2751.2592210480943,7.269026677327906e-05,5.000255844579872,1106,r,15.0615282,14.81638575,1870,0.6122179,0.6122106481173273,gaia_dr3_pf
chen_f786_ZTFJ095811.75+580604.2,mbls_h1,science,RRab,RRab,False,chen,0.6122179,1.6334053610650718,True,1.6334229846623536,0.6122112945574296,exact,True,1.7623597281746228e-05,0.04848708452944244,1.0789481718276384e-05,2751.2592210480943,7.269026677327906e-05,4.973264115551054,1870,g+r,15.0615282,14.81638575,1870,0.6122179,0.6122106481173273,gaia_dr3_pf
chen_f786_ZTFJ095811.75+580604.2,mhls_h8,science,RRab,RRab,False,chen,0.6122179,1.6334053610650718,True,1.6334229846623536,0.6122112945574296,exact,True,1.7623597281746228e-05,0.04848708452944244,1.0789481718276384e-05,2751.2592210480943,7.269026677327906e-05,4.973264115551054,1870,g+r,15.0615282,14.81638575,1870,0.6122179,0.6122106481173273,gaia_dr3_pf
chen_f786_ZTFJ095811.75+580604.2,ce,science,RRab,RRab,False,chen,0.6122179,1.6334053610650718,True,1.6334229846623536,0.6122112945574296,exact,True,1.7623597281746228e-05,0.04848708452944244,1.0789481718276384e-05,2751.2592210480943,7.269026677327906e-05,4.973264115551054,1870,g+r,15.0615282,14.81638575,1870,0.6122179,0.6122106481173273,gaia_dr3_pf
chen_f786_ZTFJ095811.75+580604.2,ftp_mb,science,RRab,RRab,False,chen,0.6122179,1.6334053610650718,True,1.6334229846623536,0.6122112945574296,exact,True,1.7623597281746228e-05,0.04848708452944244,1.0789481718276384e-05,2751.2592210480943,7.269026677327906e-05,4.973264115551054,1870,g+r,15.0615282,14.81638575,1870,0.6122179,0.6122106481173273,gaia_dr3_pf
chen_f786_ZTFJ100104.86+575118.7,gls_1band,science,RRc,RRc,False,chen,0.360847,2.7712576244225393,True,2.771243730464491,0.36084880914909245,exact,True,1.3893958048516453e-05,0.03822587895873811,5.013593079933016e-06,2751.259131865576,7.269026677327906e-05,5.0002560066639905,1103,r,17.5609541,17.4512444,1867,0.360847,0.36084959985669535,gaia_dr3_p1_o
chen_f786_ZTFJ100104.86+575118.7,ftp_1band,science,RRc,RRc,False,chen,0.360847,2.7712576244225393,True,2.771243730464491,0.36084880914909245,exact,True,1.3893958048516453e-05,0.03822587895873811,5.013593079933016e-06,2751.259131865576,7.269026677327906e-05,5.0002560066639905,1103,r,17.5609541,17.4512444,1867,0.360847,0.36084959985669535,gaia_dr3_p1_o
chen_f786_ZTFJ100104.86+575118.7,mbls_h1,science,RRc,RRc,False,chen,0.360847,2.7712576244225393,True,2.771243730464491,0.36084880914909245,exact,True,1.3893958048516453e-05,0.03822587895873811,5.013593079933016e-06,2751.259131865576,7.269026677327906e-05,4.973264267262661,1867,g+r,17.5609541,17.4512444,1867,0.360847,0.36084959985669535,gaia_dr3_p1_o
chen_f786_ZTFJ100104.86+575118.7,mhls_h8,science,RRc,RRc,False,chen,0.360847,2.7712576244225393,True,1.3856218652322454,0.7216976182981849,f/2,True,1.385635759190294,3812.243035911786,0.50000250679654,2751.259131865576,7.269026677327906e-05,4.973264267262661,1867,g+r,17.5609541,17.4512444,1867,0.360847,0.36084959985669535,gaia_dr3_p1_o
chen_f786_ZTFJ100104.86+575118.7,ce,science,RRc,RRc,False,chen,0.360847,2.7712576244225393,True,2.771243730464491,0.36084880914909245,exact,True,1.3893958048516453e-05,0.03822587895873811,5.013593079933016e-06,2751.259131865576,7.269026677327906e-05,4.973264267262661,1867,g+r,17.5609541,17.4512444,1867,0.360847,0.36084959985669535,gaia_dr3_p1_o
chen_f786_ZTFJ100104.86+575118.7,ftp_mb,science,RRc,RRc,False,chen,0.360847,2.7712576244225393,True,2.771243730464491,0.36084880914909245,exact,True,1.3893958048516453e-05,0.03822587895873811,5.013593079933016e-06,2751.259131865576,7.269026677327906e-05,4.973264267262661,1867,g+r,17.5609541,17.4512444,1867,0.360847,0.36084959985669535,gaia_dr3_p1_o
chen_f786_ZTFJ100616.80+531608.6,gls_1band,science,RRab,RRab,True,chen,0.6997384,1.429105505714707,True,1.4290906447626663,0.6997456765005086,exact,True,1.4860952040729458e-05,0.04088632002727748,1.0398778803456766e-05,2751.258460105397,7.269026677327906e-05,5.000257227549966,1063,r,14.366799799999999,14.1163931,1851,0.6997384,0.6997526801045284,gaia_dr3_pf
chen_f786_ZTFJ100616.80+531608.6,ftp_1band,science,RRab,RRab,True,chen,0.6997384,1.429105505714707,True,1.4290906447626663,0.6997456765005086,exact,True,1.4860952040729458e-05,0.04088632002727748,1.0398778803456766e-05,2751.258460105397,7.269026677327906e-05,5.000257227549966,1063,r,14.366799799999999,14.1163931,1851,0.6997384,0.6997526801045284,gaia_dr3_pf
chen_f786_ZTFJ100616.80+531608.6,mbls_h1,science,RRab,RRab,True,chen,0.6997384,1.429105505714707,True,1.4290906447626663,0.6997456765005086,exact,True,1.4860952040729458e-05,0.04088632002727748,1.0398778803456766e-05,2751.258460105397,7.269026677327906e-05,4.973265509691934,1851,g+r,14.366799799999999,14.1163931,1851,0.6997384,0.6997526801045284,gaia_dr3_pf
chen_f786_ZTFJ100616.80+531608.6,mhls_h8,science,RRab,RRab,True,chen,0.6997384,1.429105505714707,True,1.4290906447626663,0.6997456765005086,exact,True,1.4860952040729458e-05,0.04088632002727748,1.0398778803456766e-05,2751.258460105397,7.269026677327906e-05,4.973265509691934,1851,g+r,14.366799799999999,14.1163931,1851,0.6997384,0.6997526801045284,gaia_dr3_pf
chen_f786_ZTFJ100616.80+531608.6,ce,science,RRab,RRab,True,chen,0.6997384,1.429105505714707,True,1.4290906447626663,0.6997456765005086,exact,True,1.4860952040729458e-05,0.04088632002727748,1.0398778803456766e-05,2751.258460105397,7.269026677327906e-05,4.973265509691934,1851,g+r,14.366799799999999,14.1163931,1851,0.6997384,0.6997526801045284,gaia_dr3_pf
chen_f786_ZTFJ100616.80+531608.6,ftp_mb,science,RRab,RRab,True,chen,0.6997384,1.429105505714707,True,1.4290906447626663,0.6997456765005086,exact,True,1.4860952040729458e-05,0.04088632002727748,1.0398778803456766e-05,2751.258460105397,7.269026677327906e-05,4.973265509691934,1851,g+r,14.366799799999999,14.1163931,1851,0.6997384,0.6997526801045284,gaia_dr3_pf
chen_f786_ZTFJ100744.26+570027.9,gls_1band,science,RRab,RRab,False,chen,0.5628897,1.776546986025859,True,1.7765501199389402,0.5628887070376432,exact,True,3.13391308126576e-06,0.008622206226540264,1.7640473941397595e-06,2751.258890389465,7.269026677327906e-05,5.00025644553304,1075,r,14.7259541,14.4768114,1814,0.5628897,0.5628989211335106,gaia_dr3_pf
chen_f786_ZTFJ100744.26+570027.9,ftp_1band,science,RRab,RRab,False,chen,0.5628897,1.776546986025859,True,1.7765501199389402,0.5628887070376432,exact,True,3.13391308126576e-06,0.008622206226540264,1.7640473941397595e-06,2751.258890389465,7.269026677327906e-05,5.00025644553304,1075,r,14.7259541,14.4768114,1814,0.5628897,0.5628989211335106,gaia_dr3_pf
chen_f786_ZTFJ100744.26+570027.9,mbls_h1,science,RRab,RRab,False,chen,0.5628897,1.776546986025859,True,1.7765501199389402,0.5628887070376432,exact,True,3.13391308126576e-06,0.008622206226540264,1.7640473941397595e-06,2751.258890389465,7.269026677327906e-05,4.973264683899703,1814,g+r,14.7259541,14.4768114,1814,0.5628897,0.5628989211335106,gaia_dr3_pf
chen_f786_ZTFJ100744.26+570027.9,mhls_h8,science,RRab,RRab,False,chen,0.5628897,1.776546986025859,True,1.7765501199389402,0.5628887070376432,exact,True,3.13391308126576e-06,0.008622206226540264,1.7640473941397595e-06,2751.258890389465,7.269026677327906e-05,4.973264683899703,1814,g+r,14.7259541,14.4768114,1814,0.5628897,0.5628989211335106,gaia_dr3_pf
chen_f786_ZTFJ100744.26+570027.9,ce,science,RRab,RRab,False,chen,0.5628897,1.776546986025859,True,1.7765501199389402,0.5628887070376432,exact,True,3.13391308126576e-06,0.008622206226540264,1.7640473941397595e-06,2751.258890389465,7.269026677327906e-05,4.973264683899703,1814,g+r,14.7259541,14.4768114,1814,0.5628897,0.5628989211335106,gaia_dr3_pf
chen_f786_ZTFJ100744.26+570027.9,ftp_mb,science,RRab,RRab,False,chen,0.5628897,1.776546986025859,True,1.7765501199389402,0.5628887070376432,exact,True,3.13391308126576e-06,0.008622206226540264,1.7640473941397595e-06,2751.258890389465,7.269026677327906e-05,4.973264683899703,1814,g+r,14.7259541,14.4768114,1814,0.5628897,0.5628989211335106,gaia_dr3_pf
chen_f786_ZTFJ100903.45+513745.5,gls_1band,science,RRc,RRc,True,chen,0.2601242,3.844317445281907,True,3.8441520680380896,0.2601353906663641,exact,True,0.0001653772438174883,0.4549954976849821,4.3018623246229094e-05,2751.258197210729,7.269026677327906e-05,5.0002577053462565,1089,r,12.9617529,12.9167824,1874,0.2601242,0.2601141406459415,gaia_dr3_p1_o
chen_f786_ZTFJ100903.45+513745.5,ftp_1band,science,RRc,RRc,True,chen,0.2601242,3.844317445281907,True,3.8441520680380896,0.2601353906663641,exact,True,0.0001653772438174883,0.4549954976849821,4.3018623246229094e-05,2751.258197210729,7.269026677327906e-05,5.0002577053462565,1089,r,12.9617529,12.9167824,1874,0.2601242,0.2601141406459415,gaia_dr3_p1_o
chen_f786_ZTFJ100903.45+513745.5,mbls_h1,science,RRc,RRc,True,chen,0.2601242,3.844317445281907,True,3.8441520680380896,0.2601353906663641,exact,True,0.0001653772438174883,0.4549954976849821,4.3018623246229094e-05,2751.258197210729,7.269026677327906e-05,4.973265985841621,1874,g+r,12.9617529,12.9167824,1874,0.2601242,0.2601141406459415,gaia_dr3_p1_o
chen_f786_ZTFJ100903.45+513745.5,mhls_h8,science,RRc,RRc,True,chen,0.2601242,3.844317445281907,True,3.8441520680380896,0.2601353906663641,exact,True,0.0001653772438174883,0.4549954976849821,4.3018623246229094e-05,2751.258197210729,7.269026677327906e-05,4.973265985841621,1874,g+r,12.9617529,12.9167824,1874,0.2601242,0.2601141406459415,gaia_dr3_p1_o
chen_f786_ZTFJ100903.45+513745.5,ce,science,RRc,RRc,True,chen,0.2601242,3.844317445281907,True,3.8441520680380896,0.2601353906663641,exact,True,0.0001653772438174883,0.4549954976849821,4.3018623246229094e-05,2751.258197210729,7.269026677327906e-05,4.973265985841621,1874,g+r,12.9617529,12.9167824,1874,0.2601242,0.2601141406459415,gaia_dr3_p1_o
chen_f786_ZTFJ100903.45+513745.5,ftp_mb,science,RRc,RRc,True,chen,0.2601242,3.844317445281907,True,3.8441520680380896,0.2601353906663641,exact,True,0.0001653772438174883,0.4549954976849821,4.3018623246229094e-05,2751.258197210729,7.269026677327906e-05,4.973265985841621,1874,g+r,12.9617529,12.9167824,1874,0.2601242,0.2601141406459415,gaia_dr3_p1_o
gaia_f786_1020098816344918656,gls_1band,control_antijoin,RRab,RRab,False,gaia,0.6648564984691379,1.5040839674464268,True,1.0025333947489636,0.9974730071215253,miss,False,0.5015505726974632,1306.562258289906,0.3334591575688261,2605.045890512876,7.676953784738216e-05,5.000295790349961,802,r,20.3801918,20.163641,1273,nan,0.6648564984691379,gaia_dr3_pf
gaia_f786_1020098816344918656,ftp_1band,control_antijoin,RRab,RRab,False,gaia,0.6648564984691379,1.5040839674464268,True,1.0002303086135422,0.9997697444163021,miss,False,0.5038536588328846,1312.5619033624828,0.3349903793524952,2605.045890512876,7.676953784738216e-05,5.000295790349961,802,r,20.3801918,20.163641,1273,nan,0.6648564984691379,gaia_dr3_pf
gaia_f786_1020098816344918656,mbls_h1,control_antijoin,RRab,RRab,False,gaia,0.6648564984691379,1.5040839674464268,True,1.0025333947489636,0.9974730071215253,miss,False,0.5015505726974632,1306.562258289906,0.3334591575688261,2605.045890512876,7.676953784738216e-05,4.971797669158351,1273,g+r,20.3801918,20.163641,1273,nan,0.6648564984691379,gaia_dr3_pf
gaia_f786_1020098816344918656,mhls_h8,control_antijoin,RRab,RRab,False,gaia,0.6648564984691379,1.5040839674464268,True,1.0024566252111162,0.9975493950068923,miss,False,0.5016273422353106,1306.762246458992,0.33351019829494843,2605.045890512876,7.676953784738216e-05,4.971797669158351,1273,g+r,20.3801918,20.163641,1273,nan,0.6648564984691379,gaia_dr3_pf
gaia_f786_1020098816344918656,ce,control_antijoin,RRab,RRab,False,gaia,0.6648564984691379,1.5040839674464268,True,1.0024566252111162,0.9975493950068923,miss,False,0.5016273422353106,1306.762246458992,0.33351019829494843,2605.045890512876,7.676953784738216e-05,4.971797669158351,1273,g+r,20.3801918,20.163641,1273,nan,0.6648564984691379,gaia_dr3_pf
gaia_f786_1020098816344918656,ftp_mb,control_antijoin,RRab,RRab,False,gaia,0.6648564984691379,1.5040839674464268,True,1.0002303086135422,0.9997697444163021,miss,False,0.5038536588328846,1312.5619033624828,0.3349903793524952,2605.045890512876,7.676953784738216e-05,4.971797669158351,1273,g+r,20.3801918,20.163641,1273,nan,0.6648564984691379,gaia_dr3_pf
